customer,letter,applied
C00001,A,No
C00002,A,No
C00003,A,No
C00004,B,No
C00005,A,No
C00006,B,No
C00007,A,No
C00008,A,Yes
C00009,B,No
C00010,B,No
C00011,B,No
C00012,A,No
C00013,B,No
C00014,A,No
C00015,B,No
C00016,A,Yes
C00017,A,No
C00018,A,No
C00019,B,Yes
C00020,B,No
C00021,B,No
C00022,B,Yes
C00023,B,No
C00024,A,No
C00025,A,No
C00026,A,No
C00027,B,No
C00028,B,No
C00029,B,No
C00030,A,No
C00031,A,No
C00032,B,No
C00033,A,No
C00034,A,No
C00035,A,Yes
C00036,B,No
C00037,A,No
C00038,B,Yes
C00039,A,No
C00040,A,Yes
C00041,B,No
C00042,B,No
C00043,A,No
C00044,A,No
C00045,B,No
C00046,A,No
C00047,A,No
C00048,B,No
C00049,A,No
C00050,A,No
C00051,A,No
C00052,B,No
C00053,A,No
C00054,B,No
C00055,A,No
C00056,B,No
C00057,A,No
C00058,B,No
C00059,B,No
C00060,A,No
C00061,B,No
C00062,A,No
C00063,A,Yes
C00064,A,No
C00065,A,No
C00066,B,No
C00067,A,No
C00068,B,No
C00069,A,No
C00070,B,Yes
C00071,B,No
C00072,B,No
C00073,B,No
C00074,A,No
C00075,A,No
C00076,B,No
C00077,B,No
C00078,B,No
C00079,A,No
C00080,A,No
C00081,B,No
C00082,A,No
C00083,A,No
C00084,B,No
C00085,B,No
C00086,B,No
C00087,A,No
C00088,A,No
C00089,B,No
C00090,B,No
C00091,B,No
C00092,B,No
C00093,A,No
C00094,A,No
C00095,B,Yes
C00096,B,No
C00097,B,No
C00098,A,No
C00099,A,No
C00100,A,No
C00101,B,No
C00102,B,No
C00103,B,No
C00104,B,No
C00105,A,Yes
C00106,B,No
C00107,A,Yes
C00108,B,No
C00109,B,Yes
C00110,A,Yes
C00111,A,No
C00112,A,No
C00113,B,No
C00114,B,No
C00115,B,No
C00116,A,No
C00117,A,No
C00118,B,No
C00119,A,No
C00120,A,Yes
C00121,B,No
C00122,A,No
C00123,B,No
C00124,A,Yes
C00125,A,No
C00126,B,No
C00127,B,No
C00128,B,No
C00129,A,No
C00130,A,No
C00131,B,No
C00132,B,No
C00133,B,No
C00134,B,No
C00135,B,No
C00136,B,No
C00137,B,No
C00138,A,Yes
C00139,B,No
C00140,A,No
C00141,A,No
C00142,B,No
C00143,A,No
C00144,B,No
C00145,A,Yes
C00146,B,No
C00147,A,No
C00148,A,No
C00149,A,No
C00150,B,No
C00151,B,No
C00152,A,No
C00153,A,No
C00154,B,No
C00155,B,No
C00156,B,No
C00157,A,No
C00158,B,No
C00159,A,No
C00160,B,No
C00161,A,No
C00162,A,No
C00163,B,No
C00164,B,No
C00165,A,No
C00166,B,Yes
C00167,B,No
C00168,B,No
C00169,A,No
C00170,B,No
C00171,B,No
C00172,B,No
C00173,A,No
C00174,A,No
C00175,B,No
C00176,B,No
C00177,B,No
C00178,A,No
C00179,A,No
C00180,A,No
C00181,B,No
C00182,A,Yes
C00183,A,No
C00184,B,Yes
C00185,B,No
C00186,B,No
C00187,B,No
C00188,A,No
C00189,A,Yes
C00190,A,No
C00191,B,No
C00192,A,No
C00193,B,No
C00194,B,No
C00195,B,No
C00196,B,No
C00197,A,No
C00198,B,No
C00199,B,No
C00200,B,No
C00201,B,No
C00202,B,No
C00203,B,No
C00204,B,No
C00205,A,No
C00206,B,No
C00207,A,No
C00208,B,No
C00209,A,No
C00210,A,No
C00211,B,No
C00212,B,No
C00213,B,No
C00214,B,Yes
C00215,A,Yes
C00216,B,No
C00217,A,Yes
C00218,B,No
C00219,B,No
C00220,A,No
C00221,B,No
C00222,B,No
C00223,B,No
C00224,B,No
C00225,B,No
C00226,B,No
C00227,A,No
C00228,B,No
C00229,B,No
C00230,A,No
C00231,B,No
C00232,A,No
C00233,A,Yes
C00234,A,No
C00235,A,No
C00236,A,Yes
C00237,B,No
C00238,B,No
C00239,B,No
C00240,B,No
C00241,A,Yes
C00242,B,No
C00243,A,No
C00244,B,No
C00245,B,No
C00246,A,No
C00247,B,Yes
C00248,A,No
C00249,A,No
C00250,A,No
C00251,B,No
C00252,B,No
C00253,A,No
C00254,B,No
C00255,B,No
C00256,B,No
C00257,A,Yes
C00258,B,No
C00259,A,No
C00260,A,No
C00261,B,No
C00262,A,No
C00263,B,No
C00264,A,No
C00265,B,No
C00266,A,Yes
C00267,A,No
C00268,B,No
C00269,B,No
C00270,B,No
C00271,B,No
C00272,B,No
C00273,B,No
C00274,A,Yes
C00275,A,No
C00276,B,No
C00277,B,Yes
C00278,B,No
C00279,A,No
C00280,B,No
C00281,B,No
C00282,A,Yes
C00283,B,No
C00284,A,No
C00285,A,No
C00286,A,Yes
C00287,B,No
C00288,A,No
C00289,A,No
C00290,A,No
C00291,B,No
C00292,A,No
C00293,B,No
C00294,A,No
C00295,B,No
C00296,B,No
C00297,B,No
C00298,A,Yes
C00299,B,No
C00300,B,No
C00301,B,No
C00302,A,Yes
C00303,A,No
C00304,B,No
C00305,A,No
C00306,A,No
C00307,A,Yes
C00308,A,No
C00309,B,Yes
C00310,B,Yes
C00311,B,No
C00312,A,No
C00313,A,No
C00314,A,No
C00315,A,Yes
C00316,B,No
C00317,A,No
C00318,A,No
C00319,B,Yes
C00320,B,No
C00321,A,No
C00322,B,No
C00323,A,No
C00324,B,No
C00325,B,No
C00326,A,No
C00327,A,No
C00328,B,No
C00329,B,No
C00330,A,No
C00331,B,No
C00332,B,No
C00333,B,No
C00334,B,No
C00335,A,Yes
C00336,A,No
C00337,B,No
C00338,B,No
C00339,A,No
C00340,A,No
C00341,A,No
C00342,B,No
C00343,A,No
C00344,B,No
C00345,B,No
C00346,A,No
C00347,A,No
C00348,B,No
C00349,A,No
C00350,A,No
C00351,B,No
C00352,B,No
C00353,B,No
C00354,B,No
C00355,B,No
C00356,A,No
C00357,B,No
C00358,A,Yes
C00359,B,Yes
C00360,B,No
C00361,B,No
C00362,A,No
C00363,A,No
C00364,A,No
C00365,B,No
C00366,B,No
C00367,A,Yes
C00368,B,No
C00369,A,Yes
C00370,B,No
C00371,A,No
C00372,B,No
C00373,B,No
C00374,B,No
C00375,A,No
C00376,B,Yes
C00377,B,No
C00378,A,No
C00379,A,No
C00380,A,No
C00381,B,Yes
C00382,B,No
C00383,A,No
C00384,A,No
C00385,B,No
C00386,B,No
C00387,A,No
C00388,A,No
C00389,B,No
C00390,B,No
C00391,A,No
C00392,A,No
C00393,B,Yes
C00394,B,No
C00395,B,No
C00396,A,No
C00397,A,No
C00398,B,No
C00399,A,No
C00400,B,No
C00401,A,No
C00402,A,No
C00403,A,No
C00404,B,No
C00405,A,No
C00406,A,No
C00407,A,No
C00408,B,No
C00409,A,No
C00410,B,No
C00411,B,Yes
C00412,B,No
C00413,B,Yes
C00414,B,No
C00415,A,Yes
C00416,A,No
C00417,A,No
C00418,A,No
C00419,A,No
C00420,A,No
C00421,A,Yes
C00422,B,No
C00423,B,No
C00424,B,No
C00425,B,No
C00426,A,No
C00427,B,No
C00428,A,No
C00429,A,No
C00430,A,No
C00431,A,No
C00432,A,Yes
C00433,A,No
C00434,A,No
C00435,A,No
C00436,B,No
C00437,A,No
C00438,A,Yes
C00439,A,No
C00440,B,No
C00441,A,No
C00442,B,No
C00443,A,No
C00444,A,No
C00445,B,No
C00446,B,No
C00447,A,No
C00448,B,No
C00449,B,No
C00450,A,No
C00451,B,No
C00452,A,No
C00453,B,No
C00454,B,No
C00455,A,No
C00456,A,Yes
C00457,A,No
C00458,B,No
C00459,A,No
C00460,B,No
C00461,B,No
C00462,B,Yes
C00463,B,No
C00464,B,Yes
C00465,A,Yes
C00466,B,No
C00467,B,No
C00468,B,No
C00469,A,No
C00470,B,No
C00471,B,No
C00472,A,No
C00473,B,No
C00474,B,No
C00475,A,No
C00476,A,No
C00477,B,No
C00478,A,No
C00479,A,No
C00480,B,No
C00481,B,No
C00482,A,No
C00483,A,No
C00484,A,No
C00485,A,No
C00486,B,No
C00487,B,No
C00488,B,No
C00489,A,No
C00490,A,Yes
C00491,B,No
C00492,B,No
C00493,A,Yes
C00494,B,No
C00495,A,No
C00496,B,Yes
C00497,A,No
C00498,A,No
C00499,B,No
C00500,A,No
C00501,A,No
C00502,A,No
C00503,B,No
C00504,B,No
C00505,A,No
C00506,A,No
C00507,B,No
C00508,B,No
C00509,B,No
C00510,A,Yes
C00511,A,No
C00512,A,No
C00513,B,No
C00514,B,No
C00515,B,No
C00516,B,No
C00517,A,No
C00518,A,Yes
C00519,A,No
C00520,B,No
C00521,B,Yes
C00522,A,No
C00523,A,No
C00524,A,No
C00525,A,No
C00526,B,Yes
C00527,B,No
C00528,B,Yes
C00529,A,No
C00530,A,Yes
C00531,B,No
C00532,A,No
C00533,A,No
C00534,A,No
C00535,B,No
C00536,B,No
C00537,B,No
C00538,B,No
C00539,B,No
C00540,B,No
C00541,B,No
C00542,A,No
C00543,B,No
C00544,B,No
C00545,A,No
C00546,B,No
C00547,B,No
C00548,B,No
C00549,A,No
C00550,B,No
C00551,A,No
C00552,A,No
C00553,A,No
C00554,B,No
C00555,A,Yes
C00556,A,No
C00557,B,No
C00558,A,No
C00559,B,No
C00560,A,No
C00561,B,No
C00562,B,No
C00563,A,No
C00564,A,No
C00565,B,No
C00566,B,No
C00567,A,No
C00568,B,No
C00569,A,No
C00570,B,No
C00571,A,No
C00572,A,No
C00573,B,No
C00574,A,No
C00575,A,No
C00576,B,No
C00577,A,No
C00578,A,No
C00579,B,No
C00580,B,No
C00581,B,No
C00582,B,No
C00583,B,No
C00584,A,No
C00585,A,No
C00586,A,No
C00587,A,No
C00588,A,No
C00589,B,No
C00590,A,No
C00591,A,No
C00592,B,No
C00593,B,No
C00594,B,Yes
C00595,A,No
C00596,A,No
C00597,B,No
C00598,A,No
C00599,A,No
C00600,B,No
C00601,A,No
C00602,A,No
C00603,A,No
C00604,A,No
C00605,B,No
C00606,B,No
C00607,B,No
C00608,A,No
C00609,A,No
C00610,B,No
C00611,B,No
C00612,B,No
C00613,B,No
C00614,A,No
C00615,A,No
C00616,A,No
C00617,A,No
C00618,B,No
C00619,A,No
C00620,B,No
C00621,B,No
C00622,A,No
C00623,A,No
C00624,A,Yes
C00625,A,No
C00626,B,No
C00627,A,No
C00628,B,No
C00629,A,No
C00630,A,Yes
C00631,B,No
C00632,A,No
C00633,B,No
C00634,A,No
C00635,A,No
C00636,B,No
C00637,B,No
C00638,B,No
C00639,B,No
C00640,B,No
C00641,A,No
C00642,A,No
C00643,A,No
C00644,B,No
C00645,B,No
C00646,B,No
C00647,B,No
C00648,A,No
C00649,A,Yes
C00650,A,No
C00651,B,No
C00652,B,No
C00653,A,No
C00654,B,Yes
C00655,A,No
C00656,B,No
C00657,B,No
C00658,B,No
C00659,B,No
C00660,A,No
C00661,A,No
C00662,B,No
C00663,B,No
C00664,B,No
C00665,A,No
C00666,B,No
C00667,B,No
C00668,A,No
C00669,B,No
C00670,A,No
C00671,A,No
C00672,A,No
C00673,B,No
C00674,B,No
C00675,B,No
C00676,A,No
C00677,A,No
C00678,A,No
C00679,A,Yes
C00680,A,No
C00681,B,No
C00682,B,No
C00683,B,No
C00684,B,No
C00685,A,No
C00686,B,No
C00687,A,No
C00688,B,No
C00689,A,No
C00690,B,No
C00691,B,No
C00692,B,No
C00693,A,Yes
C00694,A,No
C00695,A,No
C00696,A,Yes
C00697,A,No
C00698,B,No
C00699,B,No
C00700,B,No
C00701,A,No
C00702,A,No
C00703,B,No
C00704,A,No
C00705,A,Yes
C00706,A,No
C00707,A,No
C00708,A,No
C00709,A,Yes
C00710,A,No
C00711,B,No
C00712,B,No
C00713,B,No
C00714,A,No
C00715,A,No
C00716,A,No
C00717,B,No
C00718,A,Yes
C00719,B,No
C00720,A,No
C00721,B,No
C00722,B,No
C00723,B,No
C00724,A,No
C00725,B,No
C00726,B,No
C00727,A,No
C00728,B,No
C00729,B,No
C00730,A,No
C00731,A,No
C00732,A,No
C00733,A,No
C00734,A,No
C00735,A,Yes
C00736,B,No
C00737,A,Yes
C00738,A,No
C00739,B,No
C00740,A,No
C00741,B,No
C00742,B,No
C00743,B,No
C00744,B,No
C00745,B,No
C00746,A,No
C00747,A,No
C00748,B,No
C00749,A,No
C00750,A,No
C00751,A,No
C00752,A,No
C00753,A,No
C00754,A,No
C00755,A,No
C00756,A,No
C00757,A,No
C00758,A,No
C00759,B,No
C00760,A,Yes
C00761,B,No
C00762,B,No
C00763,B,No
C00764,B,No
C00765,A,No
C00766,A,No
C00767,B,No
C00768,B,No
C00769,B,No
C00770,B,No
C00771,A,No
C00772,B,No
C00773,B,No
C00774,B,No
C00775,A,No
C00776,B,Yes
C00777,A,No
C00778,A,No
C00779,A,No
C00780,B,No
C00781,A,No
C00782,A,No
C00783,B,No
C00784,B,No
C00785,A,No
C00786,B,No
C00787,A,No
C00788,A,No
C00789,B,No
C00790,B,No
C00791,B,No
C00792,B,No
C00793,B,No
C00794,B,No
C00795,B,No
C00796,A,No
C00797,A,No
C00798,B,No
C00799,A,No
C00800,B,No
C00801,B,No
C00802,A,No
C00803,A,No
C00804,B,Yes
C00805,A,Yes
C00806,B,No
C00807,A,No
C00808,A,No
C00809,B,No
C00810,A,No
C00811,A,No
C00812,B,No
C00813,A,No
C00814,B,No
C00815,A,No
C00816,B,No
C00817,A,Yes
C00818,A,No
C00819,B,No
C00820,B,No
C00821,B,No
C00822,A,No
C00823,B,No
C00824,B,No
C00825,A,No
C00826,B,No
C00827,A,No
C00828,B,No
C00829,B,No
C00830,A,No
C00831,A,No
C00832,A,No
C00833,A,No
C00834,B,No
C00835,A,No
C00836,B,No
C00837,A,Yes
C00838,A,No
C00839,A,Yes
C00840,B,No
C00841,A,No
C00842,B,No
C00843,A,Yes
C00844,B,No
C00845,B,No
C00846,A,No
C00847,B,No
C00848,A,Yes
C00849,A,No
C00850,A,No
C00851,B,Yes
C00852,A,No
C00853,B,Yes
C00854,B,No
C00855,B,No
C00856,B,No
C00857,B,No
C00858,A,No
C00859,B,No
C00860,B,No
C00861,A,No
C00862,B,No
C00863,B,No
C00864,B,No
C00865,A,Yes
C00866,A,No
C00867,B,No
C00868,B,Yes
C00869,B,No
C00870,B,No
C00871,A,No
C00872,A,No
C00873,B,No
C00874,A,No
C00875,A,No
C00876,B,No
C00877,A,Yes
C00878,A,No
C00879,B,Yes
C00880,B,No
C00881,B,No
C00882,B,No
C00883,A,No
C00884,A,Yes
C00885,B,No
C00886,B,No
C00887,B,No
C00888,B,No
C00889,B,No
C00890,B,No
C00891,A,No
C00892,B,No
C00893,B,No
C00894,B,No
C00895,A,Yes
C00896,B,No
C00897,A,No
C00898,A,No
C00899,B,No
C00900,A,No
C00901,B,No
C00902,B,No
C00903,A,No
C00904,B,No
C00905,B,No
C00906,A,No
C00907,B,No
C00908,B,No
C00909,A,No
C00910,A,No
C00911,A,No
C00912,A,No
C00913,B,No
C00914,B,No
C00915,A,Yes
C00916,A,No
C00917,B,No
C00918,A,Yes
C00919,B,No
C00920,A,No
C00921,A,No
C00922,A,No
C00923,A,No
C00924,A,No
C00925,A,No
C00926,B,No
C00927,B,No
C00928,B,No
C00929,A,Yes
C00930,B,No
C00931,B,No
C00932,B,No
C00933,A,Yes
C00934,A,No
C00935,B,No
C00936,B,No
C00937,A,No
C00938,A,No
C00939,B,No
C00940,B,No
C00941,A,No
C00942,A,No
C00943,B,No
C00944,A,No
C00945,B,No
C00946,A,Yes
C00947,A,No
C00948,B,No
C00949,A,No
C00950,B,No
C00951,A,No
C00952,A,No
C00953,B,No
C00954,A,No
C00955,A,No
C00956,B,No
C00957,A,No
C00958,A,No
C00959,B,No
C00960,B,No
C00961,B,No
C00962,B,No
C00963,B,No
C00964,A,No
C00965,A,No
C00966,B,No
C00967,A,No
C00968,B,No
C00969,B,Yes
C00970,A,No
C00971,A,No
C00972,A,No
C00973,B,No
C00974,B,No
C00975,B,No
C00976,A,No
C00977,A,Yes
C00978,B,Yes
C00979,A,No
C00980,A,No
C00981,A,No
C00982,A,Yes
C00983,A,No
C00984,A,Yes
C00985,B,No
C00986,B,No
C00987,B,Yes
C00988,A,No
C00989,B,No
C00990,B,No
C00991,B,No
C00992,A,No
C00993,B,No
C00994,B,No
C00995,B,No
C00996,A,No
C00997,B,No
C00998,A,No
C00999,A,No
C01000,A,No
C01001,B,No
C01002,B,No
C01003,A,No
C01004,B,No
C01005,B,No
C01006,B,No
C01007,A,No
C01008,B,Yes
C01009,A,Yes
C01010,A,No
C01011,A,No
C01012,B,No
C01013,B,No
C01014,B,No
C01015,B,No
C01016,B,No
C01017,B,No
C01018,A,No
C01019,A,No
C01020,B,No
C01021,B,No
C01022,A,No
C01023,A,No
C01024,B,No
C01025,B,No
C01026,B,No
C01027,B,No
C01028,B,No
C01029,B,No
C01030,B,No
C01031,A,No
C01032,A,No
C01033,B,Yes
C01034,A,No
C01035,B,No
C01036,B,No
C01037,A,Yes
C01038,A,No
C01039,A,No
C01040,A,No
C01041,B,No
C01042,A,No
C01043,A,No
C01044,A,No
C01045,A,No
C01046,A,No
C01047,B,No
C01048,A,No
C01049,B,No
C01050,A,No
C01051,B,No
C01052,A,No
C01053,A,No
C01054,A,No
C01055,B,Yes
C01056,B,No
C01057,A,No
C01058,B,No
C01059,B,No
C01060,A,No
C01061,B,No
C01062,B,No
C01063,A,No
C01064,B,No
C01065,B,No
C01066,B,No
C01067,B,No
C01068,B,Yes
C01069,B,No
C01070,A,Yes
C01071,A,No
C01072,A,No
C01073,A,No
C01074,A,No
C01075,A,No
C01076,A,No
C01077,B,No
C01078,B,No
C01079,A,No
C01080,B,No
C01081,A,No
C01082,B,No
C01083,B,No
C01084,B,No
C01085,A,No
C01086,B,No
C01087,B,No
C01088,B,No
C01089,B,No
C01090,B,No
C01091,B,Yes
C01092,B,No
C01093,B,No
C01094,A,No
C01095,B,No
C01096,B,No
C01097,A,No
C01098,B,No
C01099,B,No
C01100,A,No
C01101,B,No
C01102,A,Yes
C01103,A,No
C01104,B,No
C01105,B,No
C01106,B,No
C01107,A,No
C01108,B,No
C01109,A,No
C01110,B,No
C01111,B,No
C01112,A,No
C01113,A,No
C01114,A,No
C01115,B,No
C01116,B,No
C01117,B,No
C01118,B,No
C01119,A,No
C01120,B,No
C01121,A,No
C01122,B,No
C01123,A,No
C01124,B,No
C01125,A,No
C01126,B,No
C01127,A,No
C01128,A,No
C01129,A,No
C01130,B,No
C01131,A,No
C01132,A,No
C01133,B,Yes
C01134,A,No
C01135,A,No
C01136,B,No
C01137,B,No
C01138,A,No
C01139,A,Yes
C01140,B,No
C01141,A,No
C01142,A,No
C01143,B,No
C01144,A,No
C01145,B,No
C01146,A,Yes
C01147,B,No
C01148,B,No
C01149,A,No
C01150,A,No
C01151,A,No
C01152,B,Yes
C01153,A,No
C01154,B,Yes
C01155,A,No
C01156,A,No
C01157,B,No
C01158,B,Yes
C01159,A,No
C01160,A,No
C01161,A,No
C01162,B,No
C01163,B,No
C01164,A,No
C01165,A,No
C01166,A,No
C01167,B,No
C01168,A,No
C01169,B,No
C01170,A,No
C01171,B,No
C01172,A,Yes
C01173,B,No
C01174,A,No
C01175,A,No
C01176,A,No
C01177,B,No
C01178,A,No
C01179,B,No
C01180,B,Yes
C01181,B,No
C01182,A,No
C01183,A,No
C01184,B,Yes
C01185,B,No
C01186,A,No
C01187,B,No
C01188,B,Yes
C01189,B,No
C01190,A,No
C01191,A,No
C01192,B,No
C01193,B,No
C01194,A,No
C01195,B,No
C01196,B,No
C01197,B,No
C01198,A,Yes
C01199,B,No
C01200,B,No
C01201,B,No
C01202,A,No
C01203,B,No
C01204,A,No
C01205,A,No
C01206,B,No
C01207,A,Yes
C01208,B,No
C01209,A,No
C01210,A,No
C01211,B,No
C01212,B,No
C01213,B,No
C01214,B,No
C01215,B,No
C01216,B,No
C01217,B,No
C01218,B,Yes
C01219,B,No
C01220,B,No
C01221,B,No
C01222,B,Yes
C01223,A,No
C01224,A,No
C01225,B,No
C01226,A,No
C01227,A,No
C01228,B,Yes
C01229,A,No
C01230,A,No
C01231,A,No
C01232,B,No
C01233,B,No
C01234,A,No
C01235,A,No
C01236,A,No
C01237,B,Yes
C01238,B,No
C01239,B,No
C01240,A,No
C01241,A,No
C01242,A,No
C01243,B,No
C01244,B,No
C01245,A,No
C01246,B,No
C01247,B,No
C01248,B,No
C01249,A,No
C01250,B,No
