"visitor","version","converted"
"V0001","A","No"
"V0002","A","Yes"
"V0003","A","No"
"V0004","A","No"
"V0005","A","No"
"V0006","A","No"
"V0007","A","No"
"V0008","A","No"
"V0009","A","No"
"V0010","A","No"
"V0011","A","No"
"V0012","A","No"
"V0013","A","No"
"V0014","A","No"
"V0015","A","No"
"V0016","A","No"
"V0017","A","No"
"V0018","A","No"
"V0019","A","Yes"
"V0020","A","No"
"V0021","A","No"
"V0022","A","Yes"
"V0023","A","No"
"V0024","A","No"
"V0025","A","No"
"V0026","A","No"
"V0027","A","No"
"V0028","A","No"
"V0029","A","No"
"V0030","A","Yes"
"V0031","A","No"
"V0032","A","No"
"V0033","A","No"
"V0034","A","No"
"V0035","A","No"
"V0036","A","No"
"V0037","A","No"
"V0038","A","No"
"V0039","A","No"
"V0040","A","No"
"V0041","A","No"
"V0042","A","No"
"V0043","A","No"
"V0044","A","No"
"V0045","A","No"
"V0046","A","No"
"V0047","A","Yes"
"V0048","A","No"
"V0049","A","No"
"V0050","A","No"
"V0051","A","No"
"V0052","A","No"
"V0053","A","No"
"V0054","A","No"
"V0055","A","Yes"
"V0056","A","No"
"V0057","A","No"
"V0058","A","No"
"V0059","A","No"
"V0060","A","No"
"V0061","A","No"
"V0062","A","No"
"V0063","A","No"
"V0064","A","No"
"V0065","A","No"
"V0066","A","No"
"V0067","A","No"
"V0068","A","No"
"V0069","A","No"
"V0070","A","No"
"V0071","A","No"
"V0072","A","No"
"V0073","A","No"
"V0074","A","No"
"V0075","A","No"
"V0076","A","Yes"
"V0077","A","No"
"V0078","A","No"
"V0079","A","No"
"V0080","A","No"
"V0081","A","No"
"V0082","A","No"
"V0083","A","No"
"V0084","A","Yes"
"V0085","A","No"
"V0086","A","No"
"V0087","A","No"
"V0088","A","No"
"V0089","A","No"
"V0090","A","No"
"V0091","A","No"
"V0092","A","No"
"V0093","A","No"
"V0094","A","No"
"V0095","A","No"
"V0096","A","No"
"V0097","A","Yes"
"V0098","A","No"
"V0099","A","No"
"V0100","A","No"
"V0101","A","No"
"V0102","A","No"
"V0103","A","No"
"V0104","A","No"
"V0105","A","No"
"V0106","A","No"
"V0107","A","No"
"V0108","A","No"
"V0109","A","No"
"V0110","A","No"
"V0111","A","No"
"V0112","A","No"
"V0113","A","No"
"V0114","A","No"
"V0115","A","Yes"
"V0116","A","Yes"
"V0117","A","No"
"V0118","A","No"
"V0119","A","No"
"V0120","A","No"
"V0121","A","No"
"V0122","A","No"
"V0123","A","No"
"V0124","A","Yes"
"V0125","A","No"
"V0126","A","No"
"V0127","A","Yes"
"V0128","A","Yes"
"V0129","A","No"
"V0130","A","No"
"V0131","A","No"
"V0132","A","No"
"V0133","A","No"
"V0134","A","No"
"V0135","A","No"
"V0136","A","No"
"V0137","A","No"
"V0138","A","No"
"V0139","A","No"
"V0140","A","No"
"V0141","A","No"
"V0142","A","Yes"
"V0143","A","No"
"V0144","A","No"
"V0145","A","No"
"V0146","A","No"
"V0147","A","No"
"V0148","A","No"
"V0149","A","No"
"V0150","A","No"
"V0151","A","No"
"V0152","A","No"
"V0153","A","No"
"V0154","A","No"
"V0155","A","No"
"V0156","A","Yes"
"V0157","A","No"
"V0158","A","No"
"V0159","A","No"
"V0160","A","No"
"V0161","A","No"
"V0162","A","No"
"V0163","A","No"
"V0164","A","No"
"V0165","A","No"
"V0166","A","No"
"V0167","A","No"
"V0168","A","No"
"V0169","A","No"
"V0170","A","No"
"V0171","A","No"
"V0172","A","No"
"V0173","A","No"
"V0174","A","No"
"V0175","A","No"
"V0176","A","No"
"V0177","A","No"
"V0178","A","Yes"
"V0179","A","No"
"V0180","A","No"
"V0181","A","Yes"
"V0182","A","No"
"V0183","A","No"
"V0184","A","No"
"V0185","A","No"
"V0186","A","No"
"V0187","A","No"
"V0188","A","No"
"V0189","A","No"
"V0190","A","No"
"V0191","A","No"
"V0192","A","No"
"V0193","A","No"
"V0194","A","No"
"V0195","A","No"
"V0196","A","No"
"V0197","A","No"
"V0198","A","No"
"V0199","A","No"
"V0200","A","No"
"V0201","A","No"
"V0202","A","Yes"
"V0203","A","No"
"V0204","A","No"
"V0205","A","No"
"V0206","A","No"
"V0207","A","No"
"V0208","A","No"
"V0209","A","No"
"V0210","A","No"
"V0211","A","No"
"V0212","A","No"
"V0213","A","No"
"V0214","A","No"
"V0215","A","Yes"
"V0216","A","No"
"V0217","A","No"
"V0218","A","No"
"V0219","A","No"
"V0220","A","No"
"V0221","A","No"
"V0222","A","Yes"
"V0223","A","Yes"
"V0224","A","No"
"V0225","A","No"
"V0226","A","No"
"V0227","A","No"
"V0228","A","No"
"V0229","A","No"
"V0230","A","No"
"V0231","A","No"
"V0232","A","No"
"V0233","A","No"
"V0234","A","No"
"V0235","A","No"
"V0236","A","No"
"V0237","A","No"
"V0238","A","No"
"V0239","A","No"
"V0240","A","No"
"V0241","A","No"
"V0242","A","No"
"V0243","A","No"
"V0244","A","No"
"V0245","A","No"
"V0246","A","No"
"V0247","A","No"
"V0248","A","Yes"
"V0249","A","No"
"V0250","A","No"
"V0251","A","No"
"V0252","A","No"
"V0253","A","No"
"V0254","A","No"
"V0255","A","No"
"V0256","A","No"
"V0257","A","No"
"V0258","A","No"
"V0259","A","No"
"V0260","A","No"
"V0261","A","Yes"
"V0262","A","No"
"V0263","A","No"
"V0264","A","No"
"V0265","A","No"
"V0266","A","No"
"V0267","A","No"
"V0268","A","No"
"V0269","A","No"
"V0270","A","No"
"V0271","A","Yes"
"V0272","A","No"
"V0273","A","No"
"V0274","A","No"
"V0275","A","No"
"V0276","A","No"
"V0277","A","No"
"V0278","A","No"
"V0279","A","No"
"V0280","A","No"
"V0281","A","No"
"V0282","A","No"
"V0283","A","No"
"V0284","A","No"
"V0285","A","No"
"V0286","A","No"
"V0287","A","No"
"V0288","A","No"
"V0289","A","No"
"V0290","A","No"
"V0291","A","No"
"V0292","A","No"
"V0293","A","No"
"V0294","A","No"
"V0295","A","No"
"V0296","A","No"
"V0297","A","No"
"V0298","A","No"
"V0299","A","No"
"V0300","A","Yes"
"V0301","A","No"
"V0302","A","No"
"V0303","A","No"
"V0304","A","No"
"V0305","A","No"
"V0306","A","No"
"V0307","A","No"
"V0308","A","No"
"V0309","A","No"
"V0310","A","Yes"
"V0311","A","No"
"V0312","A","No"
"V0313","A","No"
"V0314","A","No"
"V0315","A","No"
"V0316","A","No"
"V0317","A","No"
"V0318","A","No"
"V0319","A","No"
"V0320","A","No"
"V0321","A","No"
"V0322","A","No"
"V0323","A","No"
"V0324","A","No"
"V0325","A","Yes"
"V0326","A","No"
"V0327","A","No"
"V0328","A","No"
"V0329","A","No"
"V0330","A","No"
"V0331","A","No"
"V0332","A","No"
"V0333","A","Yes"
"V0334","A","No"
"V0335","A","No"
"V0336","A","No"
"V0337","A","No"
"V0338","A","No"
"V0339","A","No"
"V0340","A","No"
"V0341","A","No"
"V0342","A","No"
"V0343","A","No"
"V0344","A","No"
"V0345","A","No"
"V0346","A","Yes"
"V0347","A","No"
"V0348","A","No"
"V0349","A","No"
"V0350","A","No"
"V0351","A","No"
"V0352","A","No"
"V0353","A","No"
"V0354","A","No"
"V0355","A","No"
"V0356","A","No"
"V0357","A","No"
"V0358","A","No"
"V0359","A","No"
"V0360","A","Yes"
"V0361","A","No"
"V0362","A","No"
"V0363","A","No"
"V0364","A","No"
"V0365","A","No"
"V0366","A","Yes"
"V0367","A","No"
"V0368","A","No"
"V0369","A","No"
"V0370","A","No"
"V0371","A","Yes"
"V0372","A","No"
"V0373","A","No"
"V0374","A","Yes"
"V0375","A","No"
"V0376","A","No"
"V0377","A","No"
"V0378","A","Yes"
"V0379","A","No"
"V0380","A","No"
"V0381","A","No"
"V0382","A","No"
"V0383","A","No"
"V0384","A","No"
"V0385","A","No"
"V0386","A","No"
"V0387","A","No"
"V0388","A","No"
"V0389","A","No"
"V0390","A","Yes"
"V0391","A","No"
"V0392","A","No"
"V0393","A","No"
"V0394","A","No"
"V0395","A","No"
"V0396","A","No"
"V0397","A","No"
"V0398","A","No"
"V0399","A","No"
"V0400","A","No"
"V0401","A","No"
"V0402","A","No"
"V0403","A","No"
"V0404","A","No"
"V0405","A","No"
"V0406","A","No"
"V0407","A","No"
"V0408","A","No"
"V0409","A","No"
"V0410","A","No"
"V0411","A","No"
"V0412","A","No"
"V0413","A","No"
"V0414","A","No"
"V0415","A","No"
"V0416","A","No"
"V0417","A","No"
"V0418","A","No"
"V0419","A","No"
"V0420","A","No"
"V0421","A","No"
"V0422","A","No"
"V0423","A","No"
"V0424","A","No"
"V0425","A","No"
"V0426","A","Yes"
"V0427","A","No"
"V0428","A","Yes"
"V0429","A","No"
"V0430","A","No"
"V0431","A","No"
"V0432","A","No"
"V0433","A","No"
"V0434","A","No"
"V0435","A","Yes"
"V0436","A","No"
"V0437","A","No"
"V0438","A","No"
"V0439","A","No"
"V0440","A","No"
"V0441","A","No"
"V0442","A","No"
"V0443","A","No"
"V0444","A","No"
"V0445","A","Yes"
"V0446","A","No"
"V0447","A","No"
"V0448","A","Yes"
"V0449","A","No"
"V0450","A","No"
"V0451","A","No"
"V0452","A","Yes"
"V0453","A","No"
"V0454","A","No"
"V0455","A","No"
"V0456","A","No"
"V0457","A","No"
"V0458","A","No"
"V0459","A","No"
"V0460","A","No"
"V0461","A","No"
"V0462","A","No"
"V0463","A","No"
"V0464","A","No"
"V0465","A","No"
"V0466","A","No"
"V0467","A","No"
"V0468","A","No"
"V0469","A","No"
"V0470","A","No"
"V0471","A","No"
"V0472","A","No"
"V0473","A","No"
"V0474","A","No"
"V0475","A","No"
"V0476","A","No"
"V0477","A","No"
"V0478","A","No"
"V0479","A","No"
"V0480","A","No"
"V0481","A","No"
"V0482","A","No"
"V0483","A","No"
"V0484","A","No"
"V0485","A","No"
"V0486","A","No"
"V0487","A","No"
"V0488","A","No"
"V0489","A","No"
"V0490","A","No"
"V0491","A","No"
"V0492","A","No"
"V0493","A","No"
"V0494","A","No"
"V0495","A","No"
"V0496","A","No"
"V0497","A","No"
"V0498","A","Yes"
"V0499","A","No"
"V0500","A","No"
"V0501","A","No"
"V0502","A","No"
"V0503","A","No"
"V0504","A","No"
"V0505","A","No"
"V0506","A","No"
"V0507","A","Yes"
"V0508","A","No"
"V0509","A","No"
"V0510","A","No"
"V0511","A","No"
"V0512","A","No"
"V0513","A","No"
"V0514","A","No"
"V0515","A","No"
"V0516","A","No"
"V0517","A","Yes"
"V0518","A","No"
"V0519","A","No"
"V0520","A","No"
"V0521","A","No"
"V0522","A","No"
"V0523","A","No"
"V0524","A","No"
"V0525","A","No"
"V0526","A","No"
"V0527","A","No"
"V0528","A","No"
"V0529","A","No"
"V0530","A","No"
"V0531","A","No"
"V0532","A","No"
"V0533","A","No"
"V0534","A","No"
"V0535","A","No"
"V0536","A","No"
"V0537","A","No"
"V0538","A","No"
"V0539","A","No"
"V0540","A","No"
"V0541","A","No"
"V0542","A","Yes"
"V0543","A","No"
"V0544","A","No"
"V0545","A","No"
"V0546","A","No"
"V0547","A","No"
"V0548","A","No"
"V0549","A","No"
"V0550","A","No"
"V0551","A","No"
"V0552","A","No"
"V0553","A","No"
"V0554","A","No"
"V0555","A","Yes"
"V0556","A","No"
"V0557","A","No"
"V0558","A","No"
"V0559","A","No"
"V0560","A","Yes"
"V0561","A","No"
"V0562","A","No"
"V0563","A","No"
"V0564","A","No"
"V0565","A","No"
"V0566","A","No"
"V0567","A","Yes"
"V0568","A","No"
"V0569","A","No"
"V0570","A","No"
"V0571","A","No"
"V0572","A","No"
"V0573","A","No"
"V0574","A","No"
"V0575","A","No"
"V0576","A","No"
"V0577","A","No"
"V0578","A","No"
"V0579","A","No"
"V0580","A","No"
"V0581","A","No"
"V0582","A","No"
"V0583","A","No"
"V0584","A","No"
"V0585","A","No"
"V0586","A","No"
"V0587","A","No"
"V0588","A","No"
"V0589","A","No"
"V0590","A","Yes"
"V0591","A","Yes"
"V0592","A","Yes"
"V0593","A","No"
"V0594","A","No"
"V0595","A","No"
"V0596","A","No"
"V0597","A","No"
"V0598","A","No"
"V0599","A","Yes"
"V0600","A","No"
"V0601","A","No"
"V0602","A","No"
"V0603","A","No"
"V0604","A","No"
"V0605","A","No"
"V0606","A","No"
"V0607","A","Yes"
"V0608","A","No"
"V0609","A","No"
"V0610","A","No"
"V0611","A","No"
"V0612","A","No"
"V0613","A","No"
"V0614","A","No"
"V0615","A","No"
"V0616","A","No"
"V0617","A","No"
"V0618","A","No"
"V0619","A","No"
"V0620","A","No"
"V0621","A","No"
"V0622","A","No"
"V0623","A","No"
"V0624","A","No"
"V0625","A","No"
"V0626","A","No"
"V0627","A","No"
"V0628","A","No"
"V0629","A","No"
"V0630","A","No"
"V0631","A","No"
"V0632","A","No"
"V0633","A","No"
"V0634","A","No"
"V0635","A","No"
"V0636","A","No"
"V0637","A","No"
"V0638","A","No"
"V0639","A","No"
"V0640","A","Yes"
"V0641","A","No"
"V0642","A","No"
"V0643","A","No"
"V0644","A","No"
"V0645","A","No"
"V0646","A","No"
"V0647","A","No"
"V0648","A","Yes"
"V0649","A","No"
"V0650","A","No"
"V0651","A","No"
"V0652","A","No"
"V0653","A","No"
"V0654","A","No"
"V0655","A","No"
"V0656","A","No"
"V0657","A","No"
"V0658","A","No"
"V0659","A","No"
"V0660","A","No"
"V0661","A","No"
"V0662","A","No"
"V0663","A","No"
"V0664","A","No"
"V0665","A","No"
"V0666","A","No"
"V0667","A","No"
"V0668","A","No"
"V0669","A","No"
"V0670","A","No"
"V0671","A","No"
"V0672","A","No"
"V0673","A","No"
"V0674","A","No"
"V0675","A","No"
"V0676","A","No"
"V0677","A","No"
"V0678","A","No"
"V0679","A","No"
"V0680","A","No"
"V0681","A","No"
"V0682","A","No"
"V0683","A","No"
"V0684","A","No"
"V0685","A","No"
"V0686","A","No"
"V0687","A","No"
"V0688","A","No"
"V0689","A","Yes"
"V0690","A","No"
"V0691","A","No"
"V0692","A","No"
"V0693","A","No"
"V0694","A","No"
"V0695","A","No"
"V0696","A","No"
"V0697","A","No"
"V0698","A","No"
"V0699","A","No"
"V0700","A","No"
"V0701","A","No"
"V0702","A","No"
"V0703","A","Yes"
"V0704","A","No"
"V0705","A","No"
"V0706","A","No"
"V0707","A","No"
"V0708","A","No"
"V0709","A","No"
"V0710","A","No"
"V0711","A","No"
"V0712","A","Yes"
"V0713","A","No"
"V0714","A","No"
"V0715","A","No"
"V0716","A","No"
"V0717","A","No"
"V0718","A","No"
"V0719","A","No"
"V0720","A","No"
"V0721","A","No"
"V0722","A","No"
"V0723","A","No"
"V0724","A","No"
"V0725","A","No"
"V0726","A","No"
"V0727","A","No"
"V0728","A","No"
"V0729","A","No"
"V0730","A","No"
"V0731","A","Yes"
"V0732","A","Yes"
"V0733","A","Yes"
"V0734","A","No"
"V0735","A","No"
"V0736","A","No"
"V0737","A","No"
"V0738","A","No"
"V0739","A","No"
"V0740","A","No"
"V0741","A","No"
"V0742","A","No"
"V0743","A","Yes"
"V0744","A","No"
"V0745","A","No"
"V0746","A","Yes"
"V0747","A","No"
"V0748","A","No"
"V0749","A","No"
"V0750","A","No"
"V0751","A","No"
"V0752","A","No"
"V0753","A","Yes"
"V0754","A","No"
"V0755","A","No"
"V0756","A","No"
"V0757","A","No"
"V0758","A","No"
"V0759","A","No"
"V0760","A","No"
"V0761","A","No"
"V0762","A","No"
"V0763","A","No"
"V0764","A","Yes"
"V0765","A","No"
"V0766","A","No"
"V0767","A","No"
"V0768","A","No"
"V0769","A","No"
"V0770","A","No"
"V0771","A","No"
"V0772","A","No"
"V0773","A","No"
"V0774","A","No"
"V0775","A","No"
"V0776","A","No"
"V0777","A","No"
"V0778","A","No"
"V0779","A","No"
"V0780","A","No"
"V0781","A","No"
"V0782","A","No"
"V0783","A","No"
"V0784","A","No"
"V0785","A","Yes"
"V0786","A","Yes"
"V0787","A","No"
"V0788","A","No"
"V0789","A","No"
"V0790","A","No"
"V0791","A","No"
"V0792","A","No"
"V0793","A","No"
"V0794","A","Yes"
"V0795","A","No"
"V0796","A","No"
"V0797","A","No"
"V0798","A","No"
"V0799","A","No"
"V0800","A","No"
"V0801","A","No"
"V0802","A","No"
"V0803","A","No"
"V0804","A","No"
"V0805","A","No"
"V0806","A","No"
"V0807","A","No"
"V0808","A","No"
"V0809","A","No"
"V0810","A","No"
"V0811","A","No"
"V0812","A","No"
"V0813","A","No"
"V0814","A","Yes"
"V0815","A","Yes"
"V0816","A","No"
"V0817","A","No"
"V0818","A","No"
"V0819","A","No"
"V0820","A","No"
"V0821","A","No"
"V0822","A","No"
"V0823","A","No"
"V0824","A","Yes"
"V0825","A","No"
"V0826","A","No"
"V0827","A","No"
"V0828","A","No"
"V0829","A","No"
"V0830","A","No"
"V0831","A","No"
"V0832","A","No"
"V0833","A","No"
"V0834","A","No"
"V0835","A","No"
"V0836","A","Yes"
"V0837","A","No"
"V0838","A","No"
"V0839","A","No"
"V0840","A","No"
"V0841","A","No"
"V0842","A","No"
"V0843","A","No"
"V0844","A","No"
"V0845","A","No"
"V0846","A","No"
"V0847","A","No"
"V0848","A","No"
"V0849","A","No"
"V0850","A","No"
"V0851","A","No"
"V0852","A","No"
"V0853","A","No"
"V0854","A","No"
"V0855","A","No"
"V0856","A","No"
"V0857","A","No"
"V0858","A","No"
"V0859","A","No"
"V0860","A","No"
"V0861","A","No"
"V0862","A","Yes"
"V0863","A","No"
"V0864","A","No"
"V0865","A","No"
"V0866","A","No"
"V0867","A","Yes"
"V0868","A","No"
"V0869","A","No"
"V0870","A","No"
"V0871","A","No"
"V0872","A","No"
"V0873","A","No"
"V0874","A","No"
"V0875","A","No"
"V0876","A","No"
"V0877","A","No"
"V0878","A","No"
"V0879","A","No"
"V0880","A","No"
"V0881","A","No"
"V0882","A","No"
"V0883","A","No"
"V0884","A","No"
"V0885","A","No"
"V0886","A","No"
"V0887","A","No"
"V0888","A","No"
"V0889","A","No"
"V0890","A","No"
"V0891","A","No"
"V0892","A","No"
"V0893","A","No"
"V0894","A","No"
"V0895","A","No"
"V0896","A","No"
"V0897","A","No"
"V0898","A","No"
"V0899","A","No"
"V0900","A","No"
"V0901","A","Yes"
"V0902","A","No"
"V0903","A","No"
"V0904","A","No"
"V0905","A","No"
"V0906","A","No"
"V0907","A","No"
"V0908","A","No"
"V0909","A","No"
"V0910","A","No"
"V0911","A","No"
"V0912","A","No"
"V0913","A","No"
"V0914","A","No"
"V0915","A","No"
"V0916","A","No"
"V0917","A","No"
"V0918","A","No"
"V0919","A","No"
"V0920","A","No"
"V0921","A","No"
"V0922","A","No"
"V0923","A","No"
"V0924","A","No"
"V0925","A","No"
"V0926","A","No"
"V0927","A","No"
"V0928","A","No"
"V0929","A","No"
"V0930","A","Yes"
"V0931","A","No"
"V0932","A","No"
"V0933","A","No"
"V0934","A","No"
"V0935","A","No"
"V0936","A","No"
"V0937","A","No"
"V0938","A","No"
"V0939","A","No"
"V0940","A","No"
"V0941","A","No"
"V0942","A","No"
"V0943","A","No"
"V0944","A","No"
"V0945","A","No"
"V0946","A","No"
"V0947","A","No"
"V0948","A","No"
"V0949","A","No"
"V0950","A","No"
"V0951","A","No"
"V0952","A","No"
"V0953","A","No"
"V0954","A","No"
"V0955","A","No"
"V0956","A","No"
"V0957","A","No"
"V0958","A","No"
"V0959","A","No"
"V0960","A","No"
"V0961","A","No"
"V0962","A","No"
"V0963","A","Yes"
"V0964","A","No"
"V0965","A","No"
"V0966","A","No"
"V0967","A","No"
"V0968","A","No"
"V0969","A","No"
"V0970","A","No"
"V0971","A","No"
"V0972","A","No"
"V0973","A","No"
"V0974","A","Yes"
"V0975","A","No"
"V0976","A","No"
"V0977","A","No"
"V0978","A","No"
"V0979","A","No"
"V0980","A","No"
"V0981","A","No"
"V0982","A","No"
"V0983","A","No"
"V0984","A","No"
"V0985","A","No"
"V0986","A","No"
"V0987","A","No"
"V0988","A","No"
"V0989","A","No"
"V0990","A","No"
"V0991","A","No"
"V0992","A","No"
"V0993","A","No"
"V0994","A","No"
"V0995","A","No"
"V0996","A","No"
"V0997","A","No"
"V0998","A","No"
"V0999","A","No"
"V1000","A","No"
"V1001","A","Yes"
"V1002","A","No"
"V1003","A","No"
"V1004","A","No"
"V1005","A","No"
"V1006","A","No"
"V1007","A","No"
"V1008","A","No"
"V1009","A","No"
"V1010","A","No"
"V1011","A","No"
"V1012","A","No"
"V1013","A","No"
"V1014","A","No"
"V1015","A","No"
"V1016","A","No"
"V1017","A","No"
"V1018","A","No"
"V1019","A","No"
"V1020","A","No"
"V1021","A","No"
"V1022","A","No"
"V1023","A","No"
"V1024","A","No"
"V1025","A","No"
"V1026","A","No"
"V1027","A","Yes"
"V1028","A","No"
"V1029","A","No"
"V1030","A","No"
"V1031","A","No"
"V1032","A","No"
"V1033","A","No"
"V1034","A","No"
"V1035","A","No"
"V1036","A","No"
"V1037","A","No"
"V1038","A","No"
"V1039","A","No"
"V1040","A","Yes"
"V1041","A","No"
"V1042","A","No"
"V1043","A","No"
"V1044","A","Yes"
"V1045","A","No"
"V1046","A","No"
"V1047","A","No"
"V1048","A","No"
"V1049","A","No"
"V1050","A","Yes"
"V1051","A","Yes"
"V1052","A","No"
"V1053","A","No"
"V1054","A","No"
"V1055","A","No"
"V1056","A","No"
"V1057","A","No"
"V1058","A","No"
"V1059","A","No"
"V1060","A","No"
"V1061","A","No"
"V1062","A","No"
"V1063","A","No"
"V1064","A","No"
"V1065","A","No"
"V1066","A","No"
"V1067","A","No"
"V1068","A","No"
"V1069","A","No"
"V1070","A","No"
"V1071","A","No"
"V1072","A","Yes"
"V1073","A","No"
"V1074","A","No"
"V1075","A","No"
"V1076","A","No"
"V1077","A","No"
"V1078","A","No"
"V1079","A","No"
"V1080","A","No"
"V1081","A","No"
"V1082","A","Yes"
"V1083","A","No"
"V1084","A","No"
"V1085","A","No"
"V1086","A","No"
"V1087","A","No"
"V1088","A","No"
"V1089","A","No"
"V1090","A","No"
"V1091","A","No"
"V1092","A","No"
"V1093","A","Yes"
"V1094","A","No"
"V1095","A","No"
"V1096","A","No"
"V1097","A","No"
"V1098","A","No"
"V1099","A","No"
"V1100","A","No"
"V1101","A","No"
"V1102","A","No"
"V1103","A","No"
"V1104","A","No"
"V1105","A","No"
"V1106","A","No"
"V1107","A","Yes"
"V1108","A","No"
"V1109","A","No"
"V1110","A","No"
"V1111","A","No"
"V1112","A","Yes"
"V1113","A","No"
"V1114","A","No"
"V1115","A","No"
"V1116","A","No"
"V1117","A","No"
"V1118","A","No"
"V1119","A","Yes"
"V1120","A","No"
"V1121","A","No"
"V1122","A","No"
"V1123","A","No"
"V1124","A","No"
"V1125","A","No"
"V1126","A","No"
"V1127","A","No"
"V1128","A","Yes"
"V1129","A","No"
"V1130","A","No"
"V1131","A","Yes"
"V1132","A","No"
"V1133","A","No"
"V1134","A","No"
"V1135","A","No"
"V1136","A","No"
"V1137","A","No"
"V1138","A","No"
"V1139","A","No"
"V1140","A","No"
"V1141","A","No"
"V1142","A","No"
"V1143","A","No"
"V1144","A","No"
"V1145","A","No"
"V1146","A","No"
"V1147","A","No"
"V1148","A","Yes"
"V1149","A","No"
"V1150","A","No"
"V1151","A","No"
"V1152","A","No"
"V1153","A","No"
"V1154","A","No"
"V1155","A","No"
"V1156","A","No"
"V1157","A","No"
"V1158","A","No"
"V1159","A","No"
"V1160","A","No"
"V1161","A","No"
"V1162","A","No"
"V1163","A","No"
"V1164","A","No"
"V1165","A","No"
"V1166","A","No"
"V1167","A","No"
"V1168","A","No"
"V1169","A","No"
"V1170","A","No"
"V1171","A","No"
"V1172","A","No"
"V1173","A","No"
"V1174","A","No"
"V1175","A","No"
"V1176","A","Yes"
"V1177","A","No"
"V1178","A","No"
"V1179","A","No"
"V1180","A","No"
"V1181","A","No"
"V1182","A","No"
"V1183","A","No"
"V1184","A","No"
"V1185","A","No"
"V1186","A","No"
"V1187","A","No"
"V1188","A","No"
"V1189","A","No"
"V1190","A","No"
"V1191","A","No"
"V1192","A","No"
"V1193","A","Yes"
"V1194","A","No"
"V1195","A","No"
"V1196","A","No"
"V1197","A","No"
"V1198","A","No"
"V1199","A","No"
"V1200","A","No"
"V1201","B","Yes"
"V1202","B","No"
"V1203","B","Yes"
"V1204","B","No"
"V1205","B","No"
"V1206","B","No"
"V1207","B","Yes"
"V1208","B","Yes"
"V1209","B","No"
"V1210","B","No"
"V1211","B","No"
"V1212","B","Yes"
"V1213","B","No"
"V1214","B","No"
"V1215","B","No"
"V1216","B","No"
"V1217","B","No"
"V1218","B","No"
"V1219","B","No"
"V1220","B","No"
"V1221","B","No"
"V1222","B","No"
"V1223","B","No"
"V1224","B","No"
"V1225","B","No"
"V1226","B","No"
"V1227","B","No"
"V1228","B","Yes"
"V1229","B","Yes"
"V1230","B","No"
"V1231","B","No"
"V1232","B","No"
"V1233","B","No"
"V1234","B","No"
"V1235","B","No"
"V1236","B","No"
"V1237","B","No"
"V1238","B","No"
"V1239","B","No"
"V1240","B","No"
"V1241","B","No"
"V1242","B","No"
"V1243","B","No"
"V1244","B","No"
"V1245","B","No"
"V1246","B","No"
"V1247","B","No"
"V1248","B","No"
"V1249","B","No"
"V1250","B","No"
"V1251","B","Yes"
"V1252","B","No"
"V1253","B","Yes"
"V1254","B","Yes"
"V1255","B","No"
"V1256","B","Yes"
"V1257","B","No"
"V1258","B","No"
"V1259","B","No"
"V1260","B","No"
"V1261","B","Yes"
"V1262","B","No"
"V1263","B","No"
"V1264","B","No"
"V1265","B","Yes"
"V1266","B","No"
"V1267","B","No"
"V1268","B","No"
"V1269","B","No"
"V1270","B","No"
"V1271","B","No"
"V1272","B","Yes"
"V1273","B","No"
"V1274","B","No"
"V1275","B","No"
"V1276","B","No"
"V1277","B","No"
"V1278","B","No"
"V1279","B","No"
"V1280","B","No"
"V1281","B","No"
"V1282","B","No"
"V1283","B","No"
"V1284","B","No"
"V1285","B","No"
"V1286","B","Yes"
"V1287","B","No"
"V1288","B","No"
"V1289","B","No"
"V1290","B","No"
"V1291","B","No"
"V1292","B","No"
"V1293","B","No"
"V1294","B","Yes"
"V1295","B","No"
"V1296","B","No"
"V1297","B","No"
"V1298","B","No"
"V1299","B","No"
"V1300","B","No"
"V1301","B","No"
"V1302","B","No"
"V1303","B","No"
"V1304","B","No"
"V1305","B","No"
"V1306","B","No"
"V1307","B","No"
"V1308","B","No"
"V1309","B","Yes"
"V1310","B","No"
"V1311","B","No"
"V1312","B","No"
"V1313","B","No"
"V1314","B","No"
"V1315","B","No"
"V1316","B","No"
"V1317","B","No"
"V1318","B","No"
"V1319","B","No"
"V1320","B","No"
"V1321","B","No"
"V1322","B","No"
"V1323","B","No"
"V1324","B","No"
"V1325","B","No"
"V1326","B","No"
"V1327","B","No"
"V1328","B","No"
"V1329","B","No"
"V1330","B","No"
"V1331","B","No"
"V1332","B","No"
"V1333","B","No"
"V1334","B","No"
"V1335","B","No"
"V1336","B","No"
"V1337","B","No"
"V1338","B","No"
"V1339","B","No"
"V1340","B","No"
"V1341","B","No"
"V1342","B","No"
"V1343","B","No"
"V1344","B","No"
"V1345","B","No"
"V1346","B","Yes"
"V1347","B","No"
"V1348","B","No"
"V1349","B","No"
"V1350","B","No"
"V1351","B","Yes"
"V1352","B","No"
"V1353","B","No"
"V1354","B","No"
"V1355","B","No"
"V1356","B","No"
"V1357","B","No"
"V1358","B","No"
"V1359","B","Yes"
"V1360","B","No"
"V1361","B","No"
"V1362","B","No"
"V1363","B","No"
"V1364","B","No"
"V1365","B","No"
"V1366","B","Yes"
"V1367","B","No"
"V1368","B","No"
"V1369","B","No"
"V1370","B","No"
"V1371","B","Yes"
"V1372","B","No"
"V1373","B","No"
"V1374","B","No"
"V1375","B","No"
"V1376","B","No"
"V1377","B","Yes"
"V1378","B","No"
"V1379","B","No"
"V1380","B","No"
"V1381","B","No"
"V1382","B","Yes"
"V1383","B","No"
"V1384","B","No"
"V1385","B","No"
"V1386","B","No"
"V1387","B","No"
"V1388","B","No"
"V1389","B","No"
"V1390","B","No"
"V1391","B","No"
"V1392","B","Yes"
"V1393","B","Yes"
"V1394","B","No"
"V1395","B","No"
"V1396","B","No"
"V1397","B","No"
"V1398","B","No"
"V1399","B","No"
"V1400","B","No"
"V1401","B","No"
"V1402","B","No"
"V1403","B","No"
"V1404","B","No"
"V1405","B","No"
"V1406","B","No"
"V1407","B","No"
"V1408","B","No"
"V1409","B","No"
"V1410","B","No"
"V1411","B","No"
"V1412","B","No"
"V1413","B","No"
"V1414","B","Yes"
"V1415","B","No"
"V1416","B","No"
"V1417","B","No"
"V1418","B","Yes"
"V1419","B","No"
"V1420","B","No"
"V1421","B","No"
"V1422","B","Yes"
"V1423","B","No"
"V1424","B","No"
"V1425","B","No"
"V1426","B","Yes"
"V1427","B","Yes"
"V1428","B","No"
"V1429","B","No"
"V1430","B","No"
"V1431","B","No"
"V1432","B","Yes"
"V1433","B","No"
"V1434","B","No"
"V1435","B","No"
"V1436","B","No"
"V1437","B","Yes"
"V1438","B","No"
"V1439","B","No"
"V1440","B","No"
"V1441","B","No"
"V1442","B","No"
"V1443","B","Yes"
"V1444","B","No"
"V1445","B","No"
"V1446","B","No"
"V1447","B","No"
"V1448","B","No"
"V1449","B","No"
"V1450","B","No"
"V1451","B","No"
"V1452","B","Yes"
"V1453","B","No"
"V1454","B","No"
"V1455","B","No"
"V1456","B","No"
"V1457","B","No"
"V1458","B","No"
"V1459","B","No"
"V1460","B","No"
"V1461","B","No"
"V1462","B","No"
"V1463","B","Yes"
"V1464","B","No"
"V1465","B","No"
"V1466","B","No"
"V1467","B","No"
"V1468","B","No"
"V1469","B","Yes"
"V1470","B","No"
"V1471","B","No"
"V1472","B","No"
"V1473","B","No"
"V1474","B","No"
"V1475","B","No"
"V1476","B","No"
"V1477","B","Yes"
"V1478","B","No"
"V1479","B","Yes"
"V1480","B","No"
"V1481","B","No"
"V1482","B","No"
"V1483","B","No"
"V1484","B","No"
"V1485","B","No"
"V1486","B","No"
"V1487","B","No"
"V1488","B","No"
"V1489","B","No"
"V1490","B","No"
"V1491","B","No"
"V1492","B","No"
"V1493","B","No"
"V1494","B","No"
"V1495","B","No"
"V1496","B","No"
"V1497","B","No"
"V1498","B","No"
"V1499","B","No"
"V1500","B","No"
"V1501","B","No"
"V1502","B","No"
"V1503","B","No"
"V1504","B","No"
"V1505","B","No"
"V1506","B","No"
"V1507","B","Yes"
"V1508","B","No"
"V1509","B","No"
"V1510","B","No"
"V1511","B","No"
"V1512","B","No"
"V1513","B","No"
"V1514","B","No"
"V1515","B","Yes"
"V1516","B","No"
"V1517","B","No"
"V1518","B","No"
"V1519","B","No"
"V1520","B","Yes"
"V1521","B","No"
"V1522","B","No"
"V1523","B","No"
"V1524","B","No"
"V1525","B","No"
"V1526","B","No"
"V1527","B","No"
"V1528","B","Yes"
"V1529","B","No"
"V1530","B","Yes"
"V1531","B","No"
"V1532","B","No"
"V1533","B","No"
"V1534","B","No"
"V1535","B","No"
"V1536","B","No"
"V1537","B","No"
"V1538","B","No"
"V1539","B","No"
"V1540","B","No"
"V1541","B","No"
"V1542","B","No"
"V1543","B","No"
"V1544","B","No"
"V1545","B","No"
"V1546","B","No"
"V1547","B","No"
"V1548","B","No"
"V1549","B","No"
"V1550","B","No"
"V1551","B","No"
"V1552","B","No"
"V1553","B","No"
"V1554","B","Yes"
"V1555","B","No"
"V1556","B","Yes"
"V1557","B","No"
"V1558","B","No"
"V1559","B","No"
"V1560","B","No"
"V1561","B","No"
"V1562","B","No"
"V1563","B","No"
"V1564","B","No"
"V1565","B","No"
"V1566","B","No"
"V1567","B","Yes"
"V1568","B","No"
"V1569","B","No"
"V1570","B","No"
"V1571","B","No"
"V1572","B","No"
"V1573","B","No"
"V1574","B","No"
"V1575","B","Yes"
"V1576","B","No"
"V1577","B","No"
"V1578","B","No"
"V1579","B","No"
"V1580","B","No"
"V1581","B","No"
"V1582","B","Yes"
"V1583","B","No"
"V1584","B","No"
"V1585","B","No"
"V1586","B","No"
"V1587","B","Yes"
"V1588","B","Yes"
"V1589","B","No"
"V1590","B","No"
"V1591","B","No"
"V1592","B","No"
"V1593","B","No"
"V1594","B","No"
"V1595","B","No"
"V1596","B","No"
"V1597","B","No"
"V1598","B","No"
"V1599","B","No"
"V1600","B","No"
"V1601","B","No"
"V1602","B","No"
"V1603","B","No"
"V1604","B","No"
"V1605","B","No"
"V1606","B","No"
"V1607","B","No"
"V1608","B","Yes"
"V1609","B","No"
"V1610","B","No"
"V1611","B","No"
"V1612","B","No"
"V1613","B","Yes"
"V1614","B","No"
"V1615","B","No"
"V1616","B","No"
"V1617","B","No"
"V1618","B","No"
"V1619","B","No"
"V1620","B","No"
"V1621","B","Yes"
"V1622","B","No"
"V1623","B","No"
"V1624","B","No"
"V1625","B","No"
"V1626","B","No"
"V1627","B","Yes"
"V1628","B","No"
"V1629","B","Yes"
"V1630","B","No"
"V1631","B","No"
"V1632","B","No"
"V1633","B","No"
"V1634","B","No"
"V1635","B","No"
"V1636","B","No"
"V1637","B","No"
"V1638","B","No"
"V1639","B","No"
"V1640","B","No"
"V1641","B","No"
"V1642","B","No"
"V1643","B","No"
"V1644","B","No"
"V1645","B","No"
"V1646","B","No"
"V1647","B","No"
"V1648","B","No"
"V1649","B","No"
"V1650","B","No"
"V1651","B","No"
"V1652","B","No"
"V1653","B","No"
"V1654","B","Yes"
"V1655","B","No"
"V1656","B","No"
"V1657","B","No"
"V1658","B","No"
"V1659","B","No"
"V1660","B","No"
"V1661","B","No"
"V1662","B","No"
"V1663","B","No"
"V1664","B","No"
"V1665","B","No"
"V1666","B","No"
"V1667","B","No"
"V1668","B","No"
"V1669","B","No"
"V1670","B","Yes"
"V1671","B","No"
"V1672","B","No"
"V1673","B","No"
"V1674","B","No"
"V1675","B","Yes"
"V1676","B","No"
"V1677","B","No"
"V1678","B","No"
"V1679","B","No"
"V1680","B","No"
"V1681","B","No"
"V1682","B","Yes"
"V1683","B","No"
"V1684","B","No"
"V1685","B","No"
"V1686","B","No"
"V1687","B","No"
"V1688","B","No"
"V1689","B","No"
"V1690","B","No"
"V1691","B","No"
"V1692","B","No"
"V1693","B","No"
"V1694","B","No"
"V1695","B","No"
"V1696","B","No"
"V1697","B","No"
"V1698","B","No"
"V1699","B","No"
"V1700","B","No"
"V1701","B","No"
"V1702","B","Yes"
"V1703","B","No"
"V1704","B","No"
"V1705","B","Yes"
"V1706","B","Yes"
"V1707","B","No"
"V1708","B","No"
"V1709","B","No"
"V1710","B","No"
"V1711","B","No"
"V1712","B","No"
"V1713","B","No"
"V1714","B","No"
"V1715","B","No"
"V1716","B","No"
"V1717","B","No"
"V1718","B","No"
"V1719","B","No"
"V1720","B","No"
"V1721","B","No"
"V1722","B","No"
"V1723","B","Yes"
"V1724","B","No"
"V1725","B","No"
"V1726","B","No"
"V1727","B","No"
"V1728","B","Yes"
"V1729","B","Yes"
"V1730","B","No"
"V1731","B","No"
"V1732","B","No"
"V1733","B","Yes"
"V1734","B","No"
"V1735","B","No"
"V1736","B","No"
"V1737","B","No"
"V1738","B","No"
"V1739","B","No"
"V1740","B","No"
"V1741","B","No"
"V1742","B","No"
"V1743","B","Yes"
"V1744","B","No"
"V1745","B","No"
"V1746","B","No"
"V1747","B","No"
"V1748","B","No"
"V1749","B","Yes"
"V1750","B","No"
"V1751","B","Yes"
"V1752","B","No"
"V1753","B","Yes"
"V1754","B","No"
"V1755","B","No"
"V1756","B","Yes"
"V1757","B","No"
"V1758","B","No"
"V1759","B","No"
"V1760","B","No"
"V1761","B","No"
"V1762","B","No"
"V1763","B","No"
"V1764","B","No"
"V1765","B","No"
"V1766","B","No"
"V1767","B","No"
"V1768","B","Yes"
"V1769","B","No"
"V1770","B","No"
"V1771","B","No"
"V1772","B","No"
"V1773","B","Yes"
"V1774","B","No"
"V1775","B","No"
"V1776","B","No"
"V1777","B","No"
"V1778","B","No"
"V1779","B","No"
"V1780","B","No"
"V1781","B","No"
"V1782","B","No"
"V1783","B","No"
"V1784","B","No"
"V1785","B","No"
"V1786","B","No"
"V1787","B","Yes"
"V1788","B","No"
"V1789","B","No"
"V1790","B","No"
"V1791","B","No"
"V1792","B","No"
"V1793","B","No"
"V1794","B","No"
"V1795","B","No"
"V1796","B","No"
"V1797","B","Yes"
"V1798","B","Yes"
"V1799","B","No"
"V1800","B","No"
"V1801","B","No"
"V1802","B","No"
"V1803","B","No"
"V1804","B","No"
"V1805","B","No"
"V1806","B","No"
"V1807","B","No"
"V1808","B","No"
"V1809","B","No"
"V1810","B","No"
"V1811","B","No"
"V1812","B","No"
"V1813","B","No"
"V1814","B","No"
"V1815","B","No"
"V1816","B","No"
"V1817","B","No"
"V1818","B","Yes"
"V1819","B","No"
"V1820","B","No"
"V1821","B","No"
"V1822","B","No"
"V1823","B","No"
"V1824","B","No"
"V1825","B","No"
"V1826","B","No"
"V1827","B","No"
"V1828","B","No"
"V1829","B","No"
"V1830","B","No"
"V1831","B","No"
"V1832","B","No"
"V1833","B","No"
"V1834","B","No"
"V1835","B","No"
"V1836","B","No"
"V1837","B","No"
"V1838","B","No"
"V1839","B","No"
"V1840","B","No"
"V1841","B","No"
"V1842","B","No"
"V1843","B","No"
"V1844","B","No"
"V1845","B","No"
"V1846","B","Yes"
"V1847","B","Yes"
"V1848","B","Yes"
"V1849","B","No"
"V1850","B","No"
"V1851","B","No"
"V1852","B","No"
"V1853","B","No"
"V1854","B","No"
"V1855","B","No"
"V1856","B","No"
"V1857","B","No"
"V1858","B","No"
"V1859","B","Yes"
"V1860","B","No"
"V1861","B","No"
"V1862","B","No"
"V1863","B","Yes"
"V1864","B","No"
"V1865","B","No"
"V1866","B","Yes"
"V1867","B","Yes"
"V1868","B","No"
"V1869","B","No"
"V1870","B","No"
"V1871","B","No"
"V1872","B","Yes"
"V1873","B","No"
"V1874","B","No"
"V1875","B","Yes"
"V1876","B","No"
"V1877","B","No"
"V1878","B","No"
"V1879","B","Yes"
"V1880","B","No"
"V1881","B","No"
"V1882","B","No"
"V1883","B","No"
"V1884","B","No"
"V1885","B","No"
"V1886","B","No"
"V1887","B","No"
"V1888","B","No"
"V1889","B","No"
"V1890","B","Yes"
"V1891","B","No"
"V1892","B","No"
"V1893","B","No"
"V1894","B","No"
"V1895","B","No"
"V1896","B","No"
"V1897","B","No"
"V1898","B","No"
"V1899","B","No"
"V1900","B","Yes"
"V1901","B","No"
"V1902","B","No"
"V1903","B","No"
"V1904","B","No"
"V1905","B","No"
"V1906","B","No"
"V1907","B","No"
"V1908","B","No"
"V1909","B","No"
"V1910","B","No"
"V1911","B","No"
"V1912","B","No"
"V1913","B","No"
"V1914","B","No"
"V1915","B","No"
"V1916","B","No"
"V1917","B","No"
"V1918","B","Yes"
"V1919","B","No"
"V1920","B","No"
"V1921","B","No"
"V1922","B","No"
"V1923","B","Yes"
"V1924","B","No"
"V1925","B","Yes"
"V1926","B","No"
"V1927","B","No"
"V1928","B","No"
"V1929","B","No"
"V1930","B","No"
"V1931","B","No"
"V1932","B","No"
"V1933","B","Yes"
"V1934","B","No"
"V1935","B","No"
"V1936","B","No"
"V1937","B","No"
"V1938","B","Yes"
"V1939","B","No"
"V1940","B","No"
"V1941","B","No"
"V1942","B","No"
"V1943","B","Yes"
"V1944","B","No"
"V1945","B","No"
"V1946","B","No"
"V1947","B","No"
"V1948","B","No"
"V1949","B","No"
"V1950","B","No"
"V1951","B","No"
"V1952","B","No"
"V1953","B","No"
"V1954","B","Yes"
"V1955","B","No"
"V1956","B","No"
"V1957","B","No"
"V1958","B","No"
"V1959","B","No"
"V1960","B","No"
"V1961","B","No"
"V1962","B","No"
"V1963","B","No"
"V1964","B","No"
"V1965","B","Yes"
"V1966","B","No"
"V1967","B","No"
"V1968","B","No"
"V1969","B","No"
"V1970","B","No"
"V1971","B","No"
"V1972","B","No"
"V1973","B","No"
"V1974","B","Yes"
"V1975","B","No"
"V1976","B","No"
"V1977","B","No"
"V1978","B","Yes"
"V1979","B","No"
"V1980","B","No"
"V1981","B","No"
"V1982","B","Yes"
"V1983","B","No"
"V1984","B","No"
"V1985","B","No"
"V1986","B","No"
"V1987","B","No"
"V1988","B","No"
"V1989","B","No"
"V1990","B","No"
"V1991","B","No"
"V1992","B","Yes"
"V1993","B","Yes"
"V1994","B","No"
"V1995","B","No"
"V1996","B","No"
"V1997","B","No"
"V1998","B","No"
"V1999","B","No"
"V2000","B","No"
"V2001","B","Yes"
"V2002","B","No"
"V2003","B","No"
"V2004","B","No"
"V2005","B","No"
"V2006","B","No"
"V2007","B","No"
"V2008","B","Yes"
"V2009","B","No"
"V2010","B","No"
"V2011","B","Yes"
"V2012","B","No"
"V2013","B","No"
"V2014","B","No"
"V2015","B","No"
"V2016","B","No"
"V2017","B","No"
"V2018","B","No"
"V2019","B","No"
"V2020","B","No"
"V2021","B","No"
"V2022","B","No"
"V2023","B","No"
"V2024","B","No"
"V2025","B","No"
"V2026","B","No"
"V2027","B","No"
"V2028","B","No"
"V2029","B","No"
"V2030","B","No"
"V2031","B","No"
"V2032","B","No"
"V2033","B","No"
"V2034","B","No"
"V2035","B","No"
"V2036","B","No"
"V2037","B","No"
"V2038","B","No"
"V2039","B","No"
"V2040","B","No"
"V2041","B","No"
"V2042","B","No"
"V2043","B","No"
"V2044","B","No"
"V2045","B","Yes"
"V2046","B","No"
"V2047","B","No"
"V2048","B","No"
"V2049","B","No"
"V2050","B","No"
"V2051","B","No"
"V2052","B","No"
"V2053","B","No"
"V2054","B","No"
"V2055","B","No"
"V2056","B","No"
"V2057","B","No"
"V2058","B","No"
"V2059","B","No"
"V2060","B","No"
"V2061","B","No"
"V2062","B","No"
"V2063","B","Yes"
"V2064","B","No"
"V2065","B","No"
"V2066","B","No"
"V2067","B","No"
"V2068","B","No"
"V2069","B","Yes"
"V2070","B","No"
"V2071","B","No"
"V2072","B","No"
"V2073","B","No"
"V2074","B","No"
"V2075","B","No"
"V2076","B","No"
"V2077","B","No"
"V2078","B","No"
"V2079","B","No"
"V2080","B","No"
"V2081","B","No"
"V2082","B","No"
"V2083","B","No"
"V2084","B","Yes"
"V2085","B","No"
"V2086","B","No"
"V2087","B","No"
"V2088","B","No"
"V2089","B","No"
"V2090","B","No"
"V2091","B","No"
"V2092","B","No"
"V2093","B","No"
"V2094","B","No"
"V2095","B","No"
"V2096","B","No"
"V2097","B","No"
"V2098","B","No"
"V2099","B","No"
"V2100","B","No"
"V2101","B","No"
"V2102","B","No"
"V2103","B","No"
"V2104","B","No"
"V2105","B","No"
"V2106","B","No"
"V2107","B","No"
"V2108","B","Yes"
"V2109","B","No"
"V2110","B","No"
"V2111","B","Yes"
"V2112","B","Yes"
"V2113","B","Yes"
"V2114","B","No"
"V2115","B","No"
"V2116","B","No"
"V2117","B","No"
"V2118","B","No"
"V2119","B","No"
"V2120","B","No"
"V2121","B","No"
"V2122","B","No"
"V2123","B","No"
"V2124","B","No"
"V2125","B","No"
"V2126","B","No"
"V2127","B","No"
"V2128","B","Yes"
"V2129","B","No"
"V2130","B","No"
"V2131","B","No"
"V2132","B","No"
"V2133","B","No"
"V2134","B","No"
"V2135","B","No"
"V2136","B","No"
"V2137","B","No"
"V2138","B","No"
"V2139","B","No"
"V2140","B","No"
"V2141","B","No"
"V2142","B","No"
"V2143","B","Yes"
"V2144","B","No"
"V2145","B","No"
"V2146","B","No"
"V2147","B","No"
"V2148","B","No"
"V2149","B","No"
"V2150","B","No"
"V2151","B","No"
"V2152","B","No"
"V2153","B","No"
"V2154","B","No"
"V2155","B","No"
"V2156","B","No"
"V2157","B","No"
"V2158","B","Yes"
"V2159","B","No"
"V2160","B","No"
"V2161","B","No"
"V2162","B","No"
"V2163","B","No"
"V2164","B","No"
"V2165","B","No"
"V2166","B","No"
"V2167","B","No"
"V2168","B","No"
"V2169","B","No"
"V2170","B","No"
"V2171","B","No"
"V2172","B","No"
"V2173","B","Yes"
"V2174","B","No"
"V2175","B","No"
"V2176","B","No"
"V2177","B","No"
"V2178","B","No"
"V2179","B","No"
"V2180","B","No"
"V2181","B","No"
"V2182","B","No"
"V2183","B","Yes"
"V2184","B","Yes"
"V2185","B","No"
"V2186","B","No"
"V2187","B","No"
"V2188","B","No"
"V2189","B","Yes"
"V2190","B","No"
"V2191","B","No"
"V2192","B","No"
"V2193","B","No"
"V2194","B","No"
"V2195","B","No"
"V2196","B","No"
"V2197","B","No"
"V2198","B","No"
"V2199","B","Yes"
"V2200","B","No"
"V2201","B","No"
"V2202","B","No"
"V2203","B","No"
"V2204","B","No"
"V2205","B","No"
"V2206","B","No"
"V2207","B","Yes"
"V2208","B","No"
"V2209","B","No"
"V2210","B","No"
"V2211","B","No"
"V2212","B","No"
"V2213","B","No"
"V2214","B","No"
"V2215","B","No"
"V2216","B","No"
"V2217","B","Yes"
"V2218","B","No"
"V2219","B","No"
"V2220","B","No"
"V2221","B","No"
"V2222","B","No"
"V2223","B","No"
"V2224","B","No"
"V2225","B","No"
"V2226","B","No"
"V2227","B","No"
"V2228","B","No"
"V2229","B","No"
"V2230","B","No"
"V2231","B","No"
"V2232","B","No"
"V2233","B","Yes"
"V2234","B","No"
"V2235","B","No"
"V2236","B","No"
"V2237","B","No"
"V2238","B","No"
"V2239","B","No"
"V2240","B","No"
"V2241","B","Yes"
"V2242","B","No"
"V2243","B","No"
"V2244","B","No"
"V2245","B","No"
"V2246","B","No"
"V2247","B","No"
"V2248","B","No"
"V2249","B","No"
"V2250","B","No"
"V2251","B","No"
"V2252","B","No"
"V2253","B","No"
"V2254","B","Yes"
"V2255","B","Yes"
"V2256","B","No"
"V2257","B","No"
"V2258","B","No"
"V2259","B","No"
"V2260","B","Yes"
"V2261","B","No"
"V2262","B","Yes"
"V2263","B","No"
"V2264","B","No"
"V2265","B","No"
"V2266","B","No"
"V2267","B","No"
"V2268","B","No"
"V2269","B","No"
"V2270","B","No"
"V2271","B","No"
"V2272","B","No"
"V2273","B","No"
"V2274","B","No"
"V2275","B","No"
"V2276","B","No"
"V2277","B","No"
"V2278","B","No"
"V2279","B","No"
"V2280","B","No"
"V2281","B","No"
"V2282","B","No"
"V2283","B","Yes"
"V2284","B","No"
"V2285","B","No"
"V2286","B","No"
"V2287","B","No"
"V2288","B","No"
"V2289","B","No"
"V2290","B","No"
"V2291","B","No"
"V2292","B","No"
"V2293","B","No"
"V2294","B","No"
"V2295","B","No"
"V2296","B","No"
"V2297","B","No"
"V2298","B","No"
"V2299","B","Yes"
"V2300","B","No"
"V2301","B","No"
"V2302","B","No"
"V2303","B","No"
"V2304","B","No"
"V2305","B","No"
"V2306","B","No"
"V2307","B","Yes"
"V2308","B","Yes"
"V2309","B","No"
"V2310","B","No"
"V2311","B","Yes"
"V2312","B","No"
"V2313","B","No"
"V2314","B","No"
"V2315","B","No"
"V2316","B","No"
"V2317","B","No"
"V2318","B","No"
"V2319","B","No"
"V2320","B","No"
"V2321","B","No"
"V2322","B","Yes"
"V2323","B","No"
"V2324","B","No"
"V2325","B","No"
"V2326","B","No"
"V2327","B","No"
"V2328","B","No"
"V2329","B","No"
"V2330","B","No"
"V2331","B","No"
"V2332","B","No"
"V2333","B","No"
"V2334","B","No"
"V2335","B","No"
"V2336","B","Yes"
"V2337","B","No"
"V2338","B","No"
"V2339","B","No"
"V2340","B","No"
"V2341","B","No"
"V2342","B","Yes"
"V2343","B","No"
"V2344","B","No"
"V2345","B","No"
"V2346","B","No"
"V2347","B","No"
"V2348","B","No"
"V2349","B","No"
"V2350","B","No"
