"session","design","minutes"
"S001","A",0.91
"S002","A",4.31
"S003","A",5.92
"S004","A",4.08
"S005","A",5.7
"S006","A",3.15
"S007","A",5.85
"S008","A",4.36
"S009","A",3.63
"S010","A",7.15
"S011","A",4.1
"S012","A",2.58
"S013","A",3.64
"S014","A",4.45
"S015","A",3.66
"S016","A",3.97
"S017","A",2.86
"S018","A",3.51
"S019","A",3.51
"S020","A",4.45
"S021","A",4.25
"S022","A",3.77
"S023","A",3.17
"S024","A",4.29
"S025","A",5.12
"S026","A",7.41
"S027","A",6.77
"S028","A",3.77
"S029","A",4.61
"S030","A",4.53
"S031","A",5.89
"S032","A",3.67
"S033","A",9.17
"S034","A",5.63
"S035","A",5.35
"S036","A",7.11
"S037","A",3.28
"S038","A",3.08
"S039","A",6.83
"S040","A",7.79
"S041","A",2.46
"S042","A",3.12
"S043","A",7.93
"S044","A",5.79
"S045","A",3.73
"S046","A",5.31
"S047","A",1.96
"S048","A",1.29
"S049","A",4.1
"S050","A",4.56
"S051","A",9.84
"S052","A",7.72
"S053","A",2.95
"S054","A",3.44
"S055","A",4.96
"S056","A",8.41
"S057","A",5.86
"S058","A",4.8
"S059","A",8.16
"S060","A",4.33
"S061","B",7.74
"S062","B",1.69
"S063","B",5.71
"S064","B",3.73
"S065","B",8.07
"S066","B",7.83
"S067","B",6.16
"S068","B",7.49
"S069","B",6.61
"S070","B",2.64
"S071","B",4.22
"S072","B",6.45
"S073","B",4.52
"S074","B",5.22
"S075","B",8.3
"S076","B",2.44
"S077","B",2.34
"S078","B",3.76
"S079","B",2.26
"S080","B",3.17
"S081","B",3.62
"S082","B",7.35
"S083","B",9.18
"S084","B",1.34
"S085","B",5.34
"S086","B",4.78
"S087","B",4.01
"S088","B",8.31
"S089","B",7.14
"S090","B",6.15
"S091","B",7.76
"S092","B",4.06
"S093","B",6.29
"S094","B",4.7
"S095","B",4.59
"S096","B",9.87
"S097","B",5.37
"S098","B",7.26
"S099","B",9.59
"S100","B",7.79
"S101","B",8.7
"S102","B",7.58
"S103","B",3.99
"S104","B",6.13
"S105","B",6.04
"S106","B",0.67
"S107","B",4.3
"S108","B",5.02
"S109","B",4.79
"S110","B",7.36
"S111","B",4.65
"S112","B",7.4
"S113","B",11.25
"S114","B",5.21
"S115","B",5.56
