course,file,path,type,bytes,updated,url
msbr70200,card_offer_va.csv,msbr70200/card_offer_va.csv,csv,144704,2026-10-09,https://raw.githubusercontent.com/FBDjnr/shared-course-files/main/msbr70200/card_offer_va.csv
msbr70200,card_offer_vb.csv,msbr70200/card_offer_vb.csv,csv,21774,,https://raw.githubusercontent.com/FBDjnr/shared-course-files/main/msbr70200/card_offer_vb.csv
msbr70200,card_offer_vc.csv,msbr70200/card_offer_vc.csv,csv,36239,,https://raw.githubusercontent.com/FBDjnr/shared-course-files/main/msbr70200/card_offer_vc.csv
msbr70200,card_offer_vd.csv,msbr70200/card_offer_vd.csv,csv,241107,,https://raw.githubusercontent.com/FBDjnr/shared-course-files/main/msbr70200/card_offer_vd.csv
msbr70200,card_offer_ve.csv,msbr70200/card_offer_ve.csv,csv,16992,,https://raw.githubusercontent.com/FBDjnr/shared-course-files/main/msbr70200/card_offer_ve.csv
msbr70200,card_offer_vf.csv,msbr70200/card_offer_vf.csv,csv,48357,,https://raw.githubusercontent.com/FBDjnr/shared-course-files/main/msbr70200/card_offer_vf.csv
msbr70200,card_offer_vg.csv,msbr70200/card_offer_vg.csv,csv,192684,,https://raw.githubusercontent.com/FBDjnr/shared-course-files/main/msbr70200/card_offer_vg.csv
msbr70200,card_offer_vh.csv,msbr70200/card_offer_vh.csv,csv,15160,,https://raw.githubusercontent.com/FBDjnr/shared-course-files/main/msbr70200/card_offer_vh.csv
msbr70200,card_offer_vi.csv,msbr70200/card_offer_vi.csv,csv,72411,,https://raw.githubusercontent.com/FBDjnr/shared-course-files/main/msbr70200/card_offer_vi.csv
msbr70200,card_offer_vj.csv,msbr70200/card_offer_vj.csv,csv,289652,,https://raw.githubusercontent.com/FBDjnr/shared-course-files/main/msbr70200/card_offer_vj.csv
msbr70200,checkout_ab.csv,msbr70200/checkout_ab.csv,csv,40216,2026-09-22,https://raw.githubusercontent.com/FBDjnr/shared-course-files/main/msbr70200/checkout_ab.csv
msbr70200,customers.csv,msbr70200/customers.csv,csv,408416,2026-09-02,https://raw.githubusercontent.com/FBDjnr/shared-course-files/main/msbr70200/customers.csv
msbr70200,example.csv,msbr70200/example.csv,csv,71,2026-09-02,https://raw.githubusercontent.com/FBDjnr/shared-course-files/main/msbr70200/example.csv
msbr70200,game_day_sales_va.csv,msbr70200/game_day_sales_va.csv,csv,470,2026-10-08,https://raw.githubusercontent.com/FBDjnr/shared-course-files/main/msbr70200/game_day_sales_va.csv
msbr70200,game_day_sales_vb.csv,msbr70200/game_day_sales_vb.csv,csv,421,2026-10-08,https://raw.githubusercontent.com/FBDjnr/shared-course-files/main/msbr70200/game_day_sales_vb.csv
msbr70200,game_day_sales_vc.csv,msbr70200/game_day_sales_vc.csv,csv,461,2026-10-08,https://raw.githubusercontent.com/FBDjnr/shared-course-files/main/msbr70200/game_day_sales_vc.csv
msbr70200,game_day_sales_vd.csv,msbr70200/game_day_sales_vd.csv,csv,473,2026-10-08,https://raw.githubusercontent.com/FBDjnr/shared-course-files/main/msbr70200/game_day_sales_vd.csv
msbr70200,game_day_sales_ve.csv,msbr70200/game_day_sales_ve.csv,csv,480,2026-10-08,https://raw.githubusercontent.com/FBDjnr/shared-course-files/main/msbr70200/game_day_sales_ve.csv
msbr70200,game_day_sales_vf.csv,msbr70200/game_day_sales_vf.csv,csv,395,2026-10-08,https://raw.githubusercontent.com/FBDjnr/shared-course-files/main/msbr70200/game_day_sales_vf.csv
msbr70200,game_day_sales_vg.csv,msbr70200/game_day_sales_vg.csv,csv,369,2026-10-08,https://raw.githubusercontent.com/FBDjnr/shared-course-files/main/msbr70200/game_day_sales_vg.csv
msbr70200,game_day_sales_vh.csv,msbr70200/game_day_sales_vh.csv,csv,494,2026-10-08,https://raw.githubusercontent.com/FBDjnr/shared-course-files/main/msbr70200/game_day_sales_vh.csv
msbr70200,game_day_sales_vi.csv,msbr70200/game_day_sales_vi.csv,csv,395,2026-10-08,https://raw.githubusercontent.com/FBDjnr/shared-course-files/main/msbr70200/game_day_sales_vi.csv
msbr70200,game_day_sales_vj.csv,msbr70200/game_day_sales_vj.csv,csv,439,2026-10-08,https://raw.githubusercontent.com/FBDjnr/shared-course-files/main/msbr70200/game_day_sales_vj.csv
msbr70200,homepage_sessions.csv,msbr70200/homepage_sessions.csv,csv,1861,2026-09-22,https://raw.githubusercontent.com/FBDjnr/shared-course-files/main/msbr70200/homepage_sessions.csv
msbr70200,housing_prices.csv,msbr70200/housing_prices.csv,csv,535,2026-09-28,https://raw.githubusercontent.com/FBDjnr/shared-course-files/main/msbr70200/housing_prices.csv
msbr70200,loyalty_spend_va.csv,msbr70200/loyalty_spend_va.csv,csv,1400,2026-10-08,https://raw.githubusercontent.com/FBDjnr/shared-course-files/main/msbr70200/loyalty_spend_va.csv
msbr70200,loyalty_spend_vb.csv,msbr70200/loyalty_spend_vb.csv,csv,1228,2026-10-08,https://raw.githubusercontent.com/FBDjnr/shared-course-files/main/msbr70200/loyalty_spend_vb.csv
msbr70200,loyalty_spend_vc.csv,msbr70200/loyalty_spend_vc.csv,csv,1078,2026-10-08,https://raw.githubusercontent.com/FBDjnr/shared-course-files/main/msbr70200/loyalty_spend_vc.csv
msbr70200,loyalty_spend_vd.csv,msbr70200/loyalty_spend_vd.csv,csv,1542,2026-10-08,https://raw.githubusercontent.com/FBDjnr/shared-course-files/main/msbr70200/loyalty_spend_vd.csv
msbr70200,loyalty_spend_ve.csv,msbr70200/loyalty_spend_ve.csv,csv,1293,2026-10-08,https://raw.githubusercontent.com/FBDjnr/shared-course-files/main/msbr70200/loyalty_spend_ve.csv
msbr70200,loyalty_spend_vf.csv,msbr70200/loyalty_spend_vf.csv,csv,1157,2026-10-08,https://raw.githubusercontent.com/FBDjnr/shared-course-files/main/msbr70200/loyalty_spend_vf.csv
msbr70200,loyalty_spend_vg.csv,msbr70200/loyalty_spend_vg.csv,csv,1468,2026-10-08,https://raw.githubusercontent.com/FBDjnr/shared-course-files/main/msbr70200/loyalty_spend_vg.csv
msbr70200,loyalty_spend_vh.csv,msbr70200/loyalty_spend_vh.csv,csv,1016,2026-10-08,https://raw.githubusercontent.com/FBDjnr/shared-course-files/main/msbr70200/loyalty_spend_vh.csv
msbr70200,loyalty_spend_vi.csv,msbr70200/loyalty_spend_vi.csv,csv,1321,2026-10-08,https://raw.githubusercontent.com/FBDjnr/shared-course-files/main/msbr70200/loyalty_spend_vi.csv
msbr70200,loyalty_spend_vj.csv,msbr70200/loyalty_spend_vj.csv,csv,1652,2026-10-08,https://raw.githubusercontent.com/FBDjnr/shared-course-files/main/msbr70200/loyalty_spend_vj.csv
msbr70200,meridian_tickets.csv,msbr70200/meridian_tickets.csv,csv,15743,2026-09-15,https://raw.githubusercontent.com/FBDjnr/shared-course-files/main/msbr70200/meridian_tickets.csv
msbr70200,midterm_practice_orders.csv,msbr70200/midterm_practice_orders.csv,csv,9623,2026-09-08,https://raw.githubusercontent.com/FBDjnr/shared-course-files/main/msbr70200/midterm_practice_orders.csv
msbr70200,movie_budgets_va.csv,msbr70200/movie_budgets_va.csv,csv,237,2026-10-08,https://raw.githubusercontent.com/FBDjnr/shared-course-files/main/msbr70200/movie_budgets_va.csv
msbr70200,movie_budgets_vb.csv,msbr70200/movie_budgets_vb.csv,csv,311,2026-10-08,https://raw.githubusercontent.com/FBDjnr/shared-course-files/main/msbr70200/movie_budgets_vb.csv
msbr70200,movie_budgets_vc.csv,msbr70200/movie_budgets_vc.csv,csv,372,2026-10-08,https://raw.githubusercontent.com/FBDjnr/shared-course-files/main/msbr70200/movie_budgets_vc.csv
msbr70200,movie_budgets_vd.csv,msbr70200/movie_budgets_vd.csv,csv,280,2026-10-08,https://raw.githubusercontent.com/FBDjnr/shared-course-files/main/msbr70200/movie_budgets_vd.csv
msbr70200,movie_budgets_ve.csv,msbr70200/movie_budgets_ve.csv,csv,201,2026-10-08,https://raw.githubusercontent.com/FBDjnr/shared-course-files/main/msbr70200/movie_budgets_ve.csv
msbr70200,movie_budgets_vf.csv,msbr70200/movie_budgets_vf.csv,csv,455,2026-10-08,https://raw.githubusercontent.com/FBDjnr/shared-course-files/main/msbr70200/movie_budgets_vf.csv
msbr70200,movie_budgets_vg.csv,msbr70200/movie_budgets_vg.csv,csv,259,2026-10-08,https://raw.githubusercontent.com/FBDjnr/shared-course-files/main/msbr70200/movie_budgets_vg.csv
msbr70200,movie_budgets_vh.csv,msbr70200/movie_budgets_vh.csv,csv,335,2026-10-08,https://raw.githubusercontent.com/FBDjnr/shared-course-files/main/msbr70200/movie_budgets_vh.csv
msbr70200,movie_budgets_vi.csv,msbr70200/movie_budgets_vi.csv,csv,221,2026-10-08,https://raw.githubusercontent.com/FBDjnr/shared-course-files/main/msbr70200/movie_budgets_vi.csv
msbr70200,movie_budgets_vj.csv,msbr70200/movie_budgets_vj.csv,csv,414,2026-10-08,https://raw.githubusercontent.com/FBDjnr/shared-course-files/main/msbr70200/movie_budgets_vj.csv
msbr70200,movie_releases.csv,msbr70200/movie_releases.csv,csv,1849,2026-09-17,https://raw.githubusercontent.com/FBDjnr/shared-course-files/main/msbr70200/movie_releases.csv
msbr70200,pitch_speeds.csv,msbr70200/pitch_speeds.csv,csv,403,2026-09-17,https://raw.githubusercontent.com/FBDjnr/shared-course-files/main/msbr70200/pitch_speeds.csv
msbr70200,sales_reps.csv,msbr70200/sales_reps.csv,csv,2217,2026-09-28,https://raw.githubusercontent.com/FBDjnr/shared-course-files/main/msbr70200/sales_reps.csv
msbr70200,sales_salaries.csv,msbr70200/sales_salaries.csv,csv,1227,2026-09-07,https://raw.githubusercontent.com/FBDjnr/shared-course-files/main/msbr70200/sales_salaries.csv
msbr70200,shot_sessions.csv,msbr70200/shot_sessions.csv,csv,3274,2026-10-02,https://raw.githubusercontent.com/FBDjnr/shared-course-files/main/msbr70200/shot_sessions.csv
msbr70200,simmons_coupons.csv,msbr70200/simmons_coupons.csv,csv,1313,2026-09-28,https://raw.githubusercontent.com/FBDjnr/shared-course-files/main/msbr70200/simmons_coupons.csv
msbr70200,skate_speeds.csv,msbr70200/skate_speeds.csv,csv,1894,2026-09-22,https://raw.githubusercontent.com/FBDjnr/shared-course-files/main/msbr70200/skate_speeds.csv
msbr70200,store_advertising.csv,msbr70200/store_advertising.csv,csv,622,2026-09-30,https://raw.githubusercontent.com/FBDjnr/shared-course-files/main/msbr70200/store_advertising.csv
msbr70200,streambox_hours.csv,msbr70200/streambox_hours.csv,csv,456,2026-09-17,https://raw.githubusercontent.com/FBDjnr/shared-course-files/main/msbr70200/streambox_hours.csv
