customer_id,visits,app_sessions,member_years,annual_spend
C001,52,75,11,2694.20
C002,56,67,7,2817.57
C003,50,50,10,2511.53
C004,46,48,2,2367.02
C005,41,58,8,2700.92
C006,57,68,7,3230.83
C007,57,59,4,2648.38
C008,63,69,5,3181.94
C009,45,61,8,1925.68
C010,51,67,7,3583.27
C011,46,47,3,1896.36
C012,42,52,13,2189.38
C013,46,54,6,3285.01
C014,47,59,6,3184.24
C015,46,70,12,3784.58
C016,58,45,7,3346.01
C017,57,68,8,4724.37
C018,50,59,5,2995.55
C019,51,51,10,1774.46
C020,56,63,6,3556.57
C021,49,52,7,3009.32
C022,49,57,7,3203.64
C023,49,53,1,2588.84
C024,53,42,1,3035.12
C025,42,61,6,2786.50
C026,50,43,9,2940.75
C027,59,71,7,4407.54
C028,48,74,10,3714.38
C029,50,62,8,2747.20
C030,55,54,3,1986.00
C031,52,53,7,2056.86
C032,55,46,8,3036.86
C033,63,61,3,3118.92
C034,45,49,6,2749.23
C035,50,56,9,2558.22
C036,49,63,8,3821.04
C037,40,72,11,1941.56
C038,52,62,5,3153.40
C039,50,53,4,2903.46
C040,56,66,7,2274.69
C041,44,50,6,3529.13
C042,65,76,6,4192.32
C043,50,46,8,2765.18
C044,52,59,5,3238.51
C045,48,52,4,2721.72
C046,49,63,3,2040.33
C047,44,58,7,2308.70
C048,53,59,8,3587.44
C049,52,56,7,2172.69
C050,50,47,9,3006.11
C051,60,75,11,4012.49
C052,65,56,15,3015.40
C053,52,63,6,3532.92
C054,55,76,10,4097.13
C055,43,61,6,2991.21
C056,43,71,7,3189.90
C057,58,55,6,3462.22
C058,52,61,10,3602.57
C059,43,53,9,3131.81
C060,43,49,5,2390.85
C061,46,43,5,2349.49
C062,51,60,6,3298.11
C063,50,57,4,3659.58
C064,53,58,13,2094.38
C065,43,61,6,2040.78
C066,46,61,8,2343.34
C067,54,66,9,1612.12
C068,46,61,7,3193.76
C069,56,73,10,2624.58
C070,51,69,12,3140.57
