"rep_id","experience","region","trained","sales"
"R001",5.6,"East",1,179.5
"R002",2.5,"Central",1,196.1
"R003",9.3,"Central",0,175.9
"R004",15.2,"West",1,260.5
"R005",9.3,"East",1,173.9
"R006",14.8,"West",0,254.1
"R007",15.1,"East",0,199.9
"R008",7.4,"East",0,157
"R009",17.4,"West",1,243.6
"R010",19.1,"Central",1,251.4
"R011",6.9,"Central",1,195
"R012",8,"West",0,198.2
"R013",7,"West",1,206.9
"R014",19.3,"West",1,242.1
"R015",15.8,"Central",1,238.8
"R016",3.2,"West",1,193.5
"R017",6.8,"East",1,204.5
"R018",17.6,"Central",1,251.6
"R019",11.6,"West",1,234.6
"R020",7.7,"West",0,212.3
"R021",10.9,"Central",0,220.5
"R022",2.1,"West",1,215.1
"R023",17.1,"Central",0,227.1
"R024",18.9,"Central",0,250.7
"R025",19.7,"Central",0,272.8
"R026",8.8,"Central",0,197.4
"R027",18.4,"East",0,225.6
"R028",1.5,"Central",0,150.1
"R029",17,"East",1,220
"R030",2.9,"West",0,150.1
"R031",7.3,"Central",0,190
"R032",5.5,"West",1,202.2
"R033",6.7,"West",0,207.1
"R034",15.3,"Central",1,224.1
"R035",14.1,"East",1,209.9
"R036",10.2,"West",0,205.7
"R037",7.5,"East",0,161.4
"R038",17.8,"West",0,275.9
"R039",10.7,"Central",0,202.8
"R040",5,"West",1,237.6
"R041",14.6,"West",0,233.3
"R042",10.7,"East",0,199.2
"R043",7.7,"West",0,204.1
"R044",4,"Central",1,191.4
"R045",17,"Central",1,233.1
"R046",4.5,"West",0,179.5
"R047",11.7,"Central",0,206.2
"R048",3,"Central",0,167.9
"R049",5.9,"Central",0,194.5
"R050",14.1,"East",1,208.1
"R051",14.3,"East",0,201.5
"R052",5.6,"West",1,226.3
"R053",2.8,"Central",0,138.1
"R054",19.8,"East",0,235.8
"R055",10.5,"East",0,190.9
"R056",5.5,"East",0,141.7
"R057",12.5,"West",0,217.4
"R058",19.1,"East",0,224.2
"R059",13,"West",1,245.7
"R060",2.8,"Central",1,199.2
"R061",2.2,"West",1,215.1
"R062",17,"East",1,223.6
"R063",6.4,"East",1,198
"R064",12,"West",1,246.4
"R065",11.6,"Central",1,213.8
"R066",6.1,"West",0,189.2
"R067",3,"West",0,171.7
"R068",19.8,"West",0,271
"R069",12.3,"Central",1,227.3
"R070",19,"East",0,243.2
"R071",14,"Central",1,216
"R072",18.5,"Central",0,257.4
"R073",13,"Central",0,216.4
"R074",10.7,"East",1,185.5
"R075",11.2,"Central",1,211.9
"R076",10,"East",0,173.5
"R077",11,"Central",0,199.8
"R078",18.9,"East",1,207.8
"R079",15.9,"Central",1,228.6
"R080",8,"West",0,204.8
