player_id,league,practice_hours,session_seconds,attempts,made,free_throw_pct
P087,Senior,8.7,3706,100,86,85.9
P031,Development,18.5,4137,109,75,68.5
P020,Development,15.8,4641,138,97,70
P025,Development,15.5,3715,82,54,65.5
P066,Senior,6.1,4022,106,83,77.9
P035,Development,15.2,4044,118,71,60.3
P011,Development,18.4,4441,99,74,74.7
P028,Development,15.1,4088,90,60,66.4
P054,Senior,7,4423,82,68,83.1
P039,Development,17.8,4681,80,56,70.6
P080,Senior,10.4,5603,63,55,86.6
P007,Development,-99,4151,97,66,67.6
P070,Senior,-99,4927,82,69,84.2
P017,Development,17.4,4607,87,60,68.6
P027,Development,13.5,4654,74,49,66.5
P075,Senior,8,5201,116,98,84.5
P086,Senior,6.6,4391,101,87,86.3
P021,Development,13.6,4351,97,61,62.8
P044,Development,12.8,4760,130,86,65.8
P085,Senior,8.1,4453,96,81,84.7
P023,Development,19.2,4430,87,59,67.9
P041,Development,13.4,5355,119,81,67.8
P001,Development,13.8,4568,104,66,63.8
P051,Senior,4.6,5234,130,99,76.1
P052,Senior,6.8,4757,103,82,79.4
P069,Senior,-99,5148,126,108,85.4
P055,Senior,11.6,4493,140,125,89.1
P060,Senior,4,4027,115,90,78.4
P034,Development,14.5,4966,109,69,63.3
P019,Development,11.5,4933,76,48,63.3
P064,Senior,4.8,4838,87,70,80
P037,Development,19,4941,83,58,70.4
P058,Senior,5,4603,121,95,78.7
P029,Development,14.8,4126,96,59,61
P018,Development,13,4790,64,43,67.1
P005,Development,13.8,4524,115,76,66.2
P030,Development,10.8,4086,119,76,63.8
P049,Senior,9.1,3941,94,75,79.9
P024,Development,17.9,5587,76,48,63.5
P026,Development,19.6,4122,133,100,75.3
P083,Senior,5.2,4115,133,98,73.4
P033,Development,12,5014,100,65,65.2
P050,Senior,10.2,5442,66,57,86.2
P046,Development,14.8,4336,123,77,62.3
P013,Development,17.8,4663,139,96,69.4
P059,Senior,6.8,5271,83,70,84.4
P057,Senior,7.7,4825,137,107,77.9
P071,Senior,6.4,4396,138,112,81
P040,Development,16.3,4898,123,86,69.9
P042,Development,16.7,5112,140,98,70.3
P048,Senior,5.9,4565,107,88,82.5
P082,Senior,10.5,4303,111,96,86.7
P078,Senior,9.2,4998,120,105,87.1
P077,Senior,10.8,3820,126,107,85.1
P022,Development,13.6,5531,92,64,69.5
P002,Development,15.8,4515,138,97,70.3
P073,Senior,7.1,5041,77,64,83.4
P038,Development,17.9,4619,124,88,71
P061,Senior,8.3,4111,118,101,86
P072,Senior,9.1,4107,79,64,80.7
P014,Development,11.7,4409,96,62,65
P067,Senior,11.6,5049,126,108,86
P089,Senior,9.3,4659,137,117,85.3
P012,Development,14.4,5477,115,76,66.4
P088,Senior,8.1,4909,61,47,77.7
P003,Development,17.2,4427,135,95,70.1
P015,Development,15.8,4527,116,75,64.6
P010,Development,16.2,4996,138,98,70.7
P062,Senior,5.4,4378,70,54,77.7
P074,Senior,9.6,5051,85,75,87.9
P068,Senior,-99,4157,111,93,84
P076,Senior,11.5,3715,107,89,83.2
P004,Development,15.8,4767,119,78,65.5
P009,Development,-99,4406,132,92,69.7
P079,Senior,3.4,4723,136,108,79.6
P084,Senior,8.4,3313,108,90,83.5
P047,Senior,10.6,4943,118,98,82.9
P016,Development,13.4,4876,122,77,63.4
P043,Development,14.2,4372,86,58,66.9
P008,Development,15.2,4528,94,63,66.5
P032,Development,15.1,4560,89,63,71.1
P090,Senior,7.6,5009,123,108,87.7
P056,Senior,7.7,4115,84,70,83.6
P063,Senior,11.9,4717,136,110,80.8
P045,Development,15.3,4132,75,52,69.2
P081,Senior,5,5098,73,62,84.8
P065,Senior,10.1,4622,117,106,90.5
P053,Senior,5.8,5069,93,72,77.9
P006,Development,14.6,4658,98,61,62.5
P036,Development,15.9,5577,106,77,72.7
