"customer","spending","card","coupon"
1,1.246,0,0
2,7.897,0,0
3,4.079,0,0
4,3.453,0,0
5,3.034,0,1
6,6.183,0,1
7,3.03,0,0
8,4.294,0,0
9,7.434,0,0
10,2.489,0,0
11,3.968,0,0
12,8.363,0,1
13,3.041,0,0
14,2.788,0,0
15,6.986,0,1
16,7.95,0,1
17,2.6,0,0
18,3.037,0,1
19,4.303,0,1
20,4.288,0,0
21,4.715,0,0
22,6.429,0,1
23,5.024,0,1
24,4.016,0,1
25,4.237,0,1
26,5.129,0,0
27,3.403,0,1
28,4.188,0,0
29,5.55,0,0
30,1.69,0,0
31,5.266,0,0
32,1.754,0,0
33,4.979,0,0
34,4.528,0,1
35,4.72,0,0
36,3.248,0,1
37,4.165,0,1
38,5.965,0,0
39,3.032,0,1
40,4.237,0,0
41,2.461,0,0
42,1.834,0,0
43,1.551,0,0
44,2.946,0,0
45,4.187,0,0
46,2.977,0,0
47,1.917,0,0
48,4.028,0,1
49,3.581,0,0
50,4.711,0,0
51,4.395,1,1
52,1.821,1,1
53,1.9,1,1
54,2.615,1,0
55,4.891,1,1
56,4.62,1,1
57,3.568,1,1
58,3.407,1,0
59,2.769,1,1
60,1.968,1,1
61,2.251,1,1
62,4.481,1,0
63,4.18,1,1
64,3.281,1,0
65,4.656,1,0
66,4.524,1,1
67,5.557,1,1
68,4.799,1,0
69,3.756,1,0
70,2.138,1,0
71,5.486,1,0
72,5.258,1,1
73,2.575,1,0
74,2.1,1,1
75,4.969,1,0
76,2.607,1,0
77,4.221,1,1
78,3.23,1,1
79,6.03,1,1
80,1.422,1,1
81,3.145,1,0
82,9.225,1,1
83,2.166,1,1
84,4.949,1,1
85,3.917,1,0
86,4.298,1,1
87,7.667,1,1
88,3.539,1,1
89,1.053,1,0
90,4.85,1,0
91,2.944,1,0
92,2.878,1,0
93,2.44,1,0
94,1.969,1,0
95,5.234,1,1
96,4.646,1,0
97,5.227,1,1
98,3.675,1,1
99,4.508,1,1
100,2.989,1,0
