"player","position","top_speed_mph"
"P001","Forward",21.3
"P002","Forward",23.9
"P003","Forward",19.2
"P004","Forward",23.3
"P005","Forward",21.4
"P006","Forward",20.9
"P007","Forward",23.8
"P008","Forward",21.8
"P009","Forward",23
"P010","Forward",21.8
"P011","Forward",19.7
"P012","Forward",20.5
"P013","Forward",23.3
"P014","Forward",23.1
"P015","Forward",21.8
"P016","Forward",22.6
"P017","Forward",22.6
"P018","Forward",21.8
"P019","Forward",20.2
"P020","Forward",21.9
"P021","Forward",22.2
"P022","Forward",19.5
"P023","Forward",20.5
"P024","Forward",20.1
"P025","Forward",23.2
"P026","Forward",21.8
"P027","Forward",20.8
"P028","Forward",23.2
"P029","Forward",23.9
"P030","Forward",24.2
"P031","Forward",22.7
"P032","Forward",20.5
"P033","Forward",23
"P034","Forward",19.5
"P035","Forward",20.8
"P036","Forward",22.2
"P037","Forward",20
"P038","Forward",24.1
"P039","Forward",20.9
"P040","Forward",21.9
"P041","Forward",20
"P042","Forward",20.4
"P043","Forward",21.1
"P044","Forward",23.7
"P045","Forward",22.9
"P046","Defense",20.6
"P047","Defense",23.2
"P048","Defense",18.5
"P049","Defense",22.6
"P050","Defense",20.7
"P051","Defense",20.2
"P052","Defense",23.1
"P053","Defense",21.1
"P054","Defense",22.3
"P055","Defense",21.1
"P056","Defense",19
"P057","Defense",19.8
"P058","Defense",22.6
"P059","Defense",22.4
"P060","Defense",21.1
"P061","Defense",21.9
"P062","Defense",21.9
"P063","Defense",21.1
"P064","Defense",19.5
"P065","Defense",21.2
"P066","Defense",21.5
"P067","Defense",18.8
"P068","Defense",19.8
"P069","Defense",19.4
"P070","Defense",22.5
"P071","Defense",21.1
"P072","Defense",20.1
"P073","Defense",22.5
"P074","Defense",23.2
"P075","Defense",23.5
"P076","Defense",22
"P077","Defense",19.8
"P078","Defense",22.3
"P079","Defense",18.8
"P080","Defense",20.1
"P081","Defense",21.5
"P082","Defense",19.3
"P083","Defense",23.4
"P084","Defense",20.2
"P085","Defense",20.3
