"store","ad_spend","foot_traffic","store_size","shelf_space","revenue"
"S01",13.6,314,10910,4280,248.1
"S02",17.4,200,6300,2230,175.6
"S03",17.6,302,4100,2100,173.9
"S04",4.7,236,3740,1860,115.1
"S05",25.1,309,5100,1820,232.4
"S06",24.6,349,9380,3680,255.3
"S07",25.4,487,5850,2110,219.7
"S08",8.2,212,10780,3430,203.8
"S09",9.5,304,4490,1450,145
"S10",19.3,388,6780,2300,237.5
"S11",4.7,236,4540,1800,116.5
"S12",10.5,166,5010,1920,163.9
"S13",11.8,455,9230,3320,219.5
"S14",13.1,459,3950,1680,197.4
"S15",7.7,189,6740,1930,157
"S16",16.9,349,3860,1640,169.3
"S17",10.5,191,7570,2620,157.6
"S18",25.7,236,3270,1310,188.2
